txn_id,created_at,document_type,channel,client_segment,status,failure_reason,processing_time_ms,risk_score,retry_count
TXN00001,2026-08-12 21:19:10,Passport,Android,Crypto Exchange,SUCCESS,,3100,58,0
TXN00002,2026-08-11 14:43:54,Passport,Android,Fintech Lending,SUCCESS,,2297,46,0
TXN00003,2026-08-01 07:34:17,Passport,Android,Crypto Exchange,FAILED,Blurry Image,1873,32,3
TXN00004,2026-08-18 10:14:28,PAN,Android,Fintech Lending,SUCCESS,,2759,47,0
TXN00005,2026-08-27 19:10:26,Aadhaar,Web,Fintech Lending,SUCCESS,,3921,24,0
TXN00006,2026-08-15 01:09:41,Driving License,Android,Neobank,FAILED,API Timeout,11173,51,1
TXN00007,2026-08-30 13:41:20,PAN,iOS,Fintech Lending,SUCCESS,,2053,30,0
TXN00008,2026-08-16 17:49:00,National ID (Intl),iOS,Neobank,FAILED,Unsupported Document Format,2748,32,3
TXN00009,2026-08-25 05:38:47,Passport,iOS,Neobank,SUCCESS,,3165,17,0
TXN00010,2026-08-29 07:51:54,Driving License,Android,Gaming & Wallets,SUCCESS,,2010,4,1
TXN00011,2026-08-29 22:52:00,Aadhaar,Android,Gaming & Wallets,SUCCESS,,3657,56,2
TXN00012,2026-08-17 12:19:59,Driving License,Android,Crypto Exchange,SUCCESS,,1859,47,1
TXN00013,2026-08-25 15:29:31,Aadhaar,Android,Neobank,FAILED,API Timeout,12262,24,1
TXN00014,2026-08-30 01:49:15,Aadhaar,Web,Fintech Lending,SUCCESS,,1767,57,0
TXN00015,2026-08-26 20:38:51,Aadhaar,iOS,Fintech Lending,SUCCESS,,1306,36,0
TXN00016,2026-08-27 04:19:31,Passport,iOS,Neobank,SUCCESS,,2972,26,4
TXN00017,2026-08-06 20:58:48,Passport,Android,Gaming & Wallets,SUCCESS,,2161,1,0
TXN00018,2026-08-17 00:58:37,Passport,Android,Fintech Lending,SUCCESS,,1242,14,0
TXN00019,2026-08-12 19:06:44,Driving License,Web,Gaming & Wallets,FAILED,API Timeout,11017,59,1
TXN00020,2026-08-03 22:37:07,Voter ID,Android,Fintech Lending,SUCCESS,,994,16,0
TXN00021,2026-08-14 12:31:43,Passport,Android,Neobank,SUCCESS,,998,35,1
TXN00022,2026-08-09 01:45:59,National ID (Intl),Web,Neobank,SUCCESS,,2943,58,0
TXN00023,2026-08-23 02:07:23,PAN,Web,Crypto Exchange,SUCCESS,,3096,51,0
TXN00024,2026-08-11 13:38:23,Driving License,Android,Crypto Exchange,FAILED,Face Match Failed,2209,12,1
TXN00025,2026-08-03 18:16:10,PAN,Web,Neobank,FAILED,Blurry Image,1254,91,2
TXN00026,2026-08-29 02:29:22,PAN,Web,Neobank,SUCCESS,,2260,38,0
TXN00027,2026-08-12 14:05:21,PAN,Android,Crypto Exchange,SUCCESS,,1069,30,0
TXN00028,2026-08-28 07:56:06,Driving License,Android,Gaming & Wallets,FAILED,Blurry Image,1580,49,2
TXN00029,2026-08-22 06:31:19,Voter ID,Android,Neobank,FAILED,Liveness Failed,2622,89,1
TXN00030,2026-08-27 20:33:08,Voter ID,Android,Fintech Lending,SUCCESS,,1692,22,0
TXN00031,2026-08-13 04:34:38,Passport,Android,Gaming & Wallets,FAILED,Liveness Failed,1306,40,1
TXN00032,2026-08-08 20:15:23,PAN,Android,Crypto Exchange,SUCCESS,,2109,1,0
TXN00033,2026-08-27 11:39:31,National ID (Intl),iOS,Neobank,SUCCESS,,2682,28,0
TXN00034,2026-08-18 08:52:40,PAN,Web,Fintech Lending,SUCCESS,,1689,50,0
TXN00035,2026-08-12 11:49:08,Voter ID,Web,Neobank,FAILED,Unsupported Document Format,2577,94,1
TXN00036,2026-08-10 16:31:09,Voter ID,Web,Neobank,FAILED,OCR Extraction Error,1128,34,1
TXN00037,2026-08-04 08:52:51,Driving License,Android,Crypto Exchange,FAILED,Glare/Reflection,2301,73,1
TXN00038,2026-08-09 16:02:47,Aadhaar,Web,Crypto Exchange,SUCCESS,,2183,51,0
TXN00039,2026-08-28 23:46:25,Passport,Android,Gaming & Wallets,SUCCESS,,1230,34,2
TXN00040,2026-08-18 16:20:55,Passport,iOS,Neobank,SUCCESS,,2489,8,1
TXN00041,2026-08-16 20:01:50,PAN,Android,Gaming & Wallets,SUCCESS,,1736,27,0
TXN00042,2026-08-30 21:07:36,PAN,iOS,Neobank,SUCCESS,,1423,20,0
TXN00043,2026-08-23 13:45:01,PAN,iOS,Crypto Exchange,SUCCESS,,2479,51,1
TXN00044,2026-08-14 18:38:06,Driving License,Android,Fintech Lending,SUCCESS,,2253,53,2
TXN00045,2026-08-08 03:40:47,Aadhaar,Android,Neobank,SUCCESS,,1492,55,1
TXN00046,2026-08-19 15:22:02,PAN,Web,Neobank,SUCCESS,,1278,1,1
TXN00047,2026-08-11 14:58:06,Voter ID,Web,Gaming & Wallets,SUCCESS,,3534,4,0
TXN00048,2026-08-23 13:20:54,Voter ID,Android,Neobank,SUCCESS,,2542,33,0
TXN00049,2026-08-24 01:02:08,Voter ID,Android,Neobank,SUCCESS,,5136,18,1
TXN00050,2026-08-22 08:29:19,Passport,iOS,Crypto Exchange,SUCCESS,,1674,21,1
TXN00051,2026-08-08 10:01:51,Aadhaar,Android,Gaming & Wallets,SUCCESS,,1284,35,0
TXN00052,2026-08-29 08:30:06,Aadhaar,Web,Gaming & Wallets,FAILED,Blurry Image,3424,66,1
TXN00053,2026-08-27 03:04:20,PAN,iOS,Gaming & Wallets,SUCCESS,,2142,15,0
TXN00054,2026-08-17 07:37:09,Aadhaar,Android,Gaming & Wallets,SUCCESS,,3823,54,0
TXN00055,2026-08-20 03:04:00,Aadhaar,iOS,Fintech Lending,SUCCESS,,2223,28,0
TXN00056,2026-08-16 21:23:36,PAN,Android,Gaming & Wallets,SUCCESS,,1292,25,0
TXN00057,2026-08-23 19:56:49,National ID (Intl),Android,Fintech Lending,SUCCESS,,2471,50,2
TXN00058,2026-08-10 16:16:19,Aadhaar,Android,Neobank,SUCCESS,,2198,31,0
TXN00059,2026-08-18 21:47:38,Passport,Android,Crypto Exchange,SUCCESS,,2579,8,1
TXN00060,2026-08-16 03:27:23,Aadhaar,Android,Fintech Lending,SUCCESS,,2957,46,0
TXN00061,2026-08-05 22:43:25,Passport,Web,Neobank,SUCCESS,,1370,52,0
TXN00062,2026-08-26 20:41:35,National ID (Intl),iOS,Crypto Exchange,SUCCESS,,2731,22,0
TXN00063,2026-08-18 13:58:46,PAN,Android,Gaming & Wallets,SUCCESS,,3921,28,0
TXN00064,2026-08-23 13:37:01,Passport,iOS,Gaming & Wallets,SUCCESS,,2415,55,0
TXN00065,2026-08-12 20:07:17,National ID (Intl),Android,Gaming & Wallets,FAILED,OCR Extraction Error,3722,68,2
TXN00066,2026-08-17 12:31:24,Aadhaar,Android,Crypto Exchange,SUCCESS,,3234,36,0
TXN00067,2026-08-24 17:14:04,National ID (Intl),Android,Gaming & Wallets,FAILED,Glare/Reflection,3041,62,2
TXN00068,2026-08-15 20:45:21,Aadhaar,Android,Neobank,SUCCESS,,1675,23,0
TXN00069,2026-08-14 03:38:25,Driving License,Android,Gaming & Wallets,SUCCESS,,1118,21,0
TXN00070,2026-08-10 07:09:41,Passport,iOS,Neobank,SUCCESS,,1930,49,0
TXN00071,2026-08-15 09:09:07,Aadhaar,Android,Neobank,SUCCESS,,2055,4,0
TXN00072,2026-08-05 23:31:23,Driving License,Android,Gaming & Wallets,FAILED,Liveness Failed,1933,28,3
TXN00073,2026-08-04 04:07:50,Aadhaar,Web,Fintech Lending,SUCCESS,,1002,4,0
TXN00074,2026-08-13 01:09:48,Driving License,Web,Fintech Lending,SUCCESS,,2990,51,0
TXN00075,2026-08-15 10:26:29,Driving License,Android,Gaming & Wallets,FAILED,Unsupported Document Format,1467,83,3
TXN00076,2026-08-13 20:20:06,Aadhaar,iOS,Neobank,SUCCESS,,1557,5,0
TXN00077,2026-08-15 03:20:30,PAN,iOS,Gaming & Wallets,SUCCESS,,1673,56,0
TXN00078,2026-08-21 15:19:22,Driving License,Web,Neobank,SUCCESS,,1645,18,1
TXN00079,2026-08-29 21:16:35,Aadhaar,Android,Crypto Exchange,FAILED,Liveness Failed,1728,93,1
TXN00080,2026-08-22 06:01:33,PAN,Android,Gaming & Wallets,SUCCESS,,1228,21,0
TXN00081,2026-08-14 02:00:11,Aadhaar,Android,Fintech Lending,SUCCESS,,2420,34,0
TXN00082,2026-08-24 20:54:07,Voter ID,Android,Gaming & Wallets,FAILED,OCR Extraction Error,1842,18,2
TXN00083,2026-08-20 10:33:38,PAN,iOS,Crypto Exchange,SUCCESS,,2111,21,0
TXN00084,2026-08-27 08:10:02,Aadhaar,iOS,Fintech Lending,SUCCESS,,1146,40,1
TXN00085,2026-08-13 23:08:35,Passport,iOS,Neobank,SUCCESS,,3155,45,0
TXN00086,2026-08-08 16:31:26,Aadhaar,iOS,Neobank,SUCCESS,,1220,15,4
TXN00087,2026-08-08 11:23:21,Voter ID,Android,Fintech Lending,SUCCESS,,2604,18,0
TXN00088,2026-08-27 18:16:13,PAN,Android,Gaming & Wallets,SUCCESS,,1256,48,1
TXN00089,2026-08-17 11:59:00,Voter ID,Android,Gaming & Wallets,FAILED,OCR Extraction Error,2613,43,2
TXN00090,2026-08-22 16:15:55,Passport,iOS,Neobank,SUCCESS,,1623,35,0
TXN00091,2026-08-28 18:11:33,National ID (Intl),Web,Neobank,SUCCESS,,4595,21,1
TXN00092,2026-08-08 09:12:55,Driving License,Web,Gaming & Wallets,SUCCESS,,1143,38,0
TXN00093,2026-08-26 12:46:38,Aadhaar,Web,Fintech Lending,FAILED,Blurry Image,2514,84,1
TXN00094,2026-08-16 08:56:13,Passport,Web,Gaming & Wallets,SUCCESS,,3147,35,0
TXN00095,2026-08-12 01:02:26,Aadhaar,iOS,Crypto Exchange,SUCCESS,,1912,41,1
TXN00096,2026-08-02 09:43:33,Aadhaar,Android,Crypto Exchange,SUCCESS,,2569,24,0
TXN00097,2026-08-09 06:02:43,Aadhaar,Android,Neobank,SUCCESS,,2222,44,0
TXN00098,2026-08-13 07:54:18,Voter ID,Android,Gaming & Wallets,SUCCESS,,5382,30,1
TXN00099,2026-08-17 18:36:47,Driving License,Android,Gaming & Wallets,FAILED,Blurry Image,1925,54,2
TXN00100,2026-08-28 21:42:15,Aadhaar,Android,Crypto Exchange,SUCCESS,,2773,1,0
TXN00101,2026-08-30 10:30:53,Driving License,iOS,Fintech Lending,SUCCESS,,2477,52,0
TXN00102,2026-08-05 17:12:15,Passport,iOS,Neobank,FAILED,Face Match Failed,1627,79,1
TXN00103,2026-08-21 04:05:46,Aadhaar,Web,Crypto Exchange,SUCCESS,,1237,24,0
TXN00104,2026-08-24 09:23:36,Voter ID,Web,Crypto Exchange,FAILED,Face Match Failed,1957,33,2
TXN00105,2026-08-05 09:12:37,Driving License,Web,Crypto Exchange,FAILED,Blurry Image,2080,91,2
TXN00106,2026-08-06 06:13:56,Aadhaar,Android,Crypto Exchange,SUCCESS,,1910,36,0
TXN00107,2026-08-15 16:04:37,Passport,iOS,Gaming & Wallets,SUCCESS,,1478,35,0
TXN00108,2026-08-29 12:18:03,PAN,iOS,Gaming & Wallets,SUCCESS,,1401,7,1
TXN00109,2026-08-02 14:07:02,Passport,Web,Crypto Exchange,SUCCESS,,1471,16,1
TXN00110,2026-08-03 22:32:45,Aadhaar,iOS,Crypto Exchange,SUCCESS,,1616,55,1
TXN00111,2026-08-03 10:55:41,Aadhaar,Android,Fintech Lending,SUCCESS,,1675,37,0
TXN00112,2026-08-12 07:27:47,Voter ID,iOS,Neobank,SUCCESS,,1563,17,1
TXN00113,2026-08-01 17:18:48,Aadhaar,Web,Neobank,SUCCESS,,3044,2,0
TXN00114,2026-08-04 02:03:01,Aadhaar,iOS,Fintech Lending,SUCCESS,,2815,7,0
TXN00115,2026-08-23 05:39:29,Aadhaar,iOS,Crypto Exchange,SUCCESS,,2874,7,0
TXN00116,2026-08-16 15:17:14,Voter ID,Android,Fintech Lending,SUCCESS,,1394,41,0
TXN00117,2026-08-23 00:37:00,Driving License,Android,Crypto Exchange,SUCCESS,,1631,8,1
TXN00118,2026-08-21 21:04:04,Passport,iOS,Neobank,SUCCESS,,1561,30,0
TXN00119,2026-08-13 08:58:05,Driving License,Android,Crypto Exchange,SUCCESS,,4280,36,0
TXN00120,2026-08-20 22:37:36,National ID (Intl),iOS,Fintech Lending,SUCCESS,,4757,56,2
TXN00121,2026-08-18 01:41:51,Aadhaar,Android,Crypto Exchange,SUCCESS,,2008,31,0
TXN00122,2026-08-06 13:51:03,Aadhaar,Web,Crypto Exchange,SUCCESS,,2516,55,0
TXN00123,2026-08-30 13:31:49,Driving License,iOS,Fintech Lending,FAILED,API Timeout,12918,44,3
TXN00124,2026-08-28 11:48:42,PAN,Android,Neobank,SUCCESS,,2057,30,0
TXN00125,2026-08-03 13:17:37,PAN,iOS,Fintech Lending,SUCCESS,,1272,28,0
TXN00126,2026-08-17 18:09:19,PAN,Android,Fintech Lending,SUCCESS,,1333,32,0
TXN00127,2026-08-01 08:57:21,PAN,Android,Fintech Lending,SUCCESS,,2497,8,0
TXN00128,2026-08-26 20:30:12,Driving License,Android,Gaming & Wallets,FAILED,OCR Extraction Error,2223,95,1
TXN00129,2026-08-09 08:14:48,Aadhaar,Android,Crypto Exchange,FAILED,OCR Extraction Error,1373,72,1
TXN00130,2026-08-17 04:03:11,Voter ID,iOS,Neobank,SUCCESS,,998,34,0
TXN00131,2026-08-12 11:16:23,Voter ID,Android,Neobank,SUCCESS,,1673,10,1
TXN00132,2026-08-23 12:32:40,Passport,Android,Gaming & Wallets,FAILED,OCR Extraction Error,1333,77,1
TXN00133,2026-08-08 07:52:41,National ID (Intl),Android,Crypto Exchange,SUCCESS,,3039,51,0
TXN00134,2026-08-23 09:58:08,Aadhaar,Android,Crypto Exchange,SUCCESS,,3477,33,0
TXN00135,2026-08-22 19:58:39,Passport,Web,Fintech Lending,FAILED,Name Mismatch,1244,69,1
TXN00136,2026-08-05 02:15:02,Aadhaar,Android,Crypto Exchange,SUCCESS,,1538,29,3
TXN00137,2026-08-19 02:24:14,Passport,iOS,Crypto Exchange,FAILED,Name Mismatch,3338,11,2
TXN00138,2026-08-28 02:04:27,Passport,Android,Fintech Lending,SUCCESS,,1249,43,2
TXN00139,2026-08-29 06:56:26,Passport,Android,Fintech Lending,SUCCESS,,2872,42,0
TXN00140,2026-08-16 00:41:20,PAN,iOS,Fintech Lending,SUCCESS,,2271,9,0
TXN00141,2026-08-21 13:18:15,Voter ID,iOS,Fintech Lending,SUCCESS,,1314,14,0
TXN00142,2026-08-08 12:31:27,Driving License,Android,Neobank,SUCCESS,,1313,9,0
TXN00143,2026-08-22 05:55:35,Aadhaar,Android,Neobank,SUCCESS,,1494,29,0
TXN00144,2026-08-26 22:10:05,Driving License,iOS,Neobank,SUCCESS,,2699,44,2
TXN00145,2026-08-19 12:54:49,National ID (Intl),Android,Crypto Exchange,SUCCESS,,3016,13,1
TXN00146,2026-08-19 00:29:36,Aadhaar,Android,Gaming & Wallets,SUCCESS,,2683,49,0
TXN00147,2026-08-05 10:51:14,PAN,Android,Gaming & Wallets,FAILED,Blurry Image,1910,8,1
TXN00148,2026-08-04 23:04:38,PAN,Android,Gaming & Wallets,SUCCESS,,3575,51,0
TXN00149,2026-08-07 17:42:18,Aadhaar,Web,Gaming & Wallets,SUCCESS,,1904,58,0
TXN00150,2026-08-06 09:32:31,Aadhaar,Web,Gaming & Wallets,SUCCESS,,1670,16,0
TXN00151,2026-08-25 06:20:35,Driving License,Android,Fintech Lending,SUCCESS,,1667,28,0
TXN00152,2026-08-05 03:44:50,PAN,iOS,Neobank,SUCCESS,,2261,33,0
TXN00153,2026-08-19 02:55:43,PAN,Android,Gaming & Wallets,SUCCESS,,1409,41,0
TXN00154,2026-08-03 03:39:17,Passport,iOS,Neobank,SUCCESS,,1523,54,1
TXN00155,2026-08-07 13:06:52,PAN,iOS,Neobank,SUCCESS,,2712,19,0
TXN00156,2026-08-16 01:15:52,Driving License,Web,Crypto Exchange,SUCCESS,,1096,13,0
TXN00157,2026-08-14 06:19:13,Voter ID,Android,Crypto Exchange,SUCCESS,,975,48,0
TXN00158,2026-08-25 02:07:07,National ID (Intl),Android,Neobank,FAILED,Face Match Failed,4078,15,2
TXN00159,2026-08-27 11:31:25,Aadhaar,iOS,Neobank,SUCCESS,,1401,19,0
TXN00160,2026-08-18 01:34:54,Passport,Android,Gaming & Wallets,SUCCESS,,2257,41,3
TXN00161,2026-08-18 15:17:17,National ID (Intl),Android,Gaming & Wallets,SUCCESS,,3822,2,0
TXN00162,2026-08-07 03:04:07,Passport,iOS,Fintech Lending,SUCCESS,,2601,25,2
TXN00163,2026-08-19 00:12:17,Aadhaar,Android,Gaming & Wallets,SUCCESS,,2895,34,0
TXN00164,2026-08-02 06:11:28,PAN,Android,Fintech Lending,SUCCESS,,1996,36,0
TXN00165,2026-08-30 16:53:18,Driving License,iOS,Neobank,SUCCESS,,3266,8,0
TXN00166,2026-08-05 06:17:01,Aadhaar,Android,Gaming & Wallets,SUCCESS,,2826,36,0
TXN00167,2026-08-18 13:10:08,Voter ID,Web,Neobank,SUCCESS,,1503,9,0
TXN00168,2026-08-23 16:34:02,PAN,Android,Crypto Exchange,SUCCESS,,2164,6,0
TXN00169,2026-08-26 12:28:47,PAN,iOS,Gaming & Wallets,SUCCESS,,1758,9,2
TXN00170,2026-08-07 05:31:14,Passport,Android,Crypto Exchange,FAILED,Liveness Failed,2214,21,1
TXN00171,2026-08-26 03:37:57,Voter ID,Android,Fintech Lending,SUCCESS,,1484,46,0
TXN00172,2026-08-04 19:52:42,National ID (Intl),Android,Crypto Exchange,SUCCESS,,3829,9,0
TXN00173,2026-08-29 17:30:24,Passport,Android,Neobank,FAILED,Blurry Image,2810,82,1
TXN00174,2026-08-04 22:37:53,National ID (Intl),Android,Fintech Lending,SUCCESS,,3907,42,0
TXN00175,2026-08-25 04:15:23,Passport,iOS,Fintech Lending,FAILED,Name Mismatch,2257,36,2
TXN00176,2026-08-03 21:48:13,Driving License,Android,Fintech Lending,SUCCESS,,1817,22,0
TXN00177,2026-08-20 08:32:18,PAN,iOS,Crypto Exchange,SUCCESS,,1673,21,0
TXN00178,2026-08-05 16:47:37,Aadhaar,Android,Neobank,SUCCESS,,1601,33,0
TXN00179,2026-08-20 02:09:37,Voter ID,Android,Fintech Lending,SUCCESS,,1820,32,0
TXN00180,2026-08-27 01:17:24,Voter ID,iOS,Crypto Exchange,SUCCESS,,1598,26,0
TXN00181,2026-08-18 14:22:14,PAN,iOS,Neobank,SUCCESS,,1192,49,0
TXN00182,2026-08-07 05:54:13,Voter ID,iOS,Fintech Lending,FAILED,OCR Extraction Error,2612,51,2
TXN00183,2026-08-03 04:46:56,Aadhaar,Android,Fintech Lending,SUCCESS,,3843,34,0
TXN00184,2026-08-30 18:16:34,Passport,Android,Crypto Exchange,SUCCESS,,1689,54,0
TXN00185,2026-08-28 07:51:15,PAN,Web,Gaming & Wallets,SUCCESS,,2697,44,0
TXN00186,2026-08-29 23:27:00,PAN,Android,Fintech Lending,SUCCESS,,2958,47,0
TXN00187,2026-08-08 04:10:16,PAN,Android,Gaming & Wallets,SUCCESS,,1391,45,0
TXN00188,2026-08-21 01:08:00,Aadhaar,Android,Neobank,SUCCESS,,1573,59,0
TXN00189,2026-08-26 04:18:35,Voter ID,iOS,Neobank,SUCCESS,,1464,34,0
TXN00190,2026-08-27 12:27:15,National ID (Intl),Android,Crypto Exchange,SUCCESS,,5739,42,1
TXN00191,2026-08-14 13:03:57,Aadhaar,Android,Neobank,SUCCESS,,1684,14,0
TXN00192,2026-08-14 23:17:56,PAN,Android,Crypto Exchange,SUCCESS,,2370,26,1
TXN00193,2026-08-03 01:00:39,National ID (Intl),Web,Crypto Exchange,SUCCESS,,3892,29,0
TXN00194,2026-08-28 06:47:54,Driving License,Android,Crypto Exchange,SUCCESS,,1133,38,0
TXN00195,2026-08-12 07:16:27,Aadhaar,Web,Neobank,SUCCESS,,1662,7,0
TXN00196,2026-08-20 18:04:53,Aadhaar,Web,Neobank,SUCCESS,,3089,42,0
TXN00197,2026-08-05 08:13:45,National ID (Intl),Android,Fintech Lending,FAILED,Glare/Reflection,8329,9,3
TXN00198,2026-08-02 18:20:20,Aadhaar,Web,Neobank,FAILED,Name Mismatch,1912,42,2
TXN00199,2026-08-17 06:21:08,Aadhaar,iOS,Fintech Lending,SUCCESS,,1882,55,0
TXN00200,2026-08-08 21:19:10,Aadhaar,Web,Crypto Exchange,SUCCESS,,2741,1,1
TXN00201,2026-08-09 12:27:59,Driving License,iOS,Neobank,SUCCESS,,2298,28,0
TXN00202,2026-08-07 19:49:28,Aadhaar,iOS,Neobank,SUCCESS,,1761,18,2
TXN00203,2026-08-13 16:43:53,PAN,iOS,Fintech Lending,SUCCESS,,2260,8,0
TXN00204,2026-08-06 16:47:57,Aadhaar,iOS,Crypto Exchange,SUCCESS,,3036,15,0
TXN00205,2026-08-21 04:29:42,Aadhaar,Android,Crypto Exchange,SUCCESS,,3267,39,1
TXN00206,2026-08-04 18:59:46,Aadhaar,Android,Crypto Exchange,FAILED,Blurry Image,1358,26,1
TXN00207,2026-08-29 07:24:58,Passport,Android,Neobank,SUCCESS,,3077,4,0
TXN00208,2026-08-28 03:02:45,PAN,Android,Fintech Lending,SUCCESS,,3889,26,0
TXN00209,2026-08-03 04:45:59,Aadhaar,Android,Fintech Lending,SUCCESS,,2597,4,2
TXN00210,2026-08-14 22:29:05,Aadhaar,Web,Fintech Lending,SUCCESS,,3982,47,0
TXN00211,2026-08-22 18:35:01,PAN,Web,Gaming & Wallets,SUCCESS,,2954,44,2
TXN00212,2026-08-06 18:13:03,Voter ID,Android,Crypto Exchange,SUCCESS,,2095,47,3
TXN00213,2026-08-23 11:26:19,Voter ID,iOS,Crypto Exchange,SUCCESS,,2115,53,0
TXN00214,2026-08-06 11:28:24,PAN,Android,Neobank,SUCCESS,,2565,60,1
TXN00215,2026-08-29 19:59:42,Aadhaar,Android,Fintech Lending,SUCCESS,,2435,4,0
TXN00216,2026-08-03 17:45:43,Aadhaar,Android,Neobank,SUCCESS,,3604,37,0
TXN00217,2026-08-07 22:54:37,Driving License,Android,Crypto Exchange,FAILED,OCR Extraction Error,1860,76,3
TXN00218,2026-08-27 23:36:46,Voter ID,Web,Gaming & Wallets,SUCCESS,,3230,21,0
TXN00219,2026-08-27 02:43:54,PAN,Android,Neobank,SUCCESS,,2697,46,0
TXN00220,2026-08-21 05:16:00,PAN,Android,Gaming & Wallets,SUCCESS,,1494,14,0
TXN00221,2026-08-05 11:43:42,Aadhaar,Android,Crypto Exchange,SUCCESS,,1657,3,1
TXN00222,2026-08-24 06:32:05,Aadhaar,iOS,Neobank,SUCCESS,,2837,59,0
TXN00223,2026-08-24 05:58:59,National ID (Intl),Web,Fintech Lending,FAILED,Liveness Failed,3915,35,1
TXN00224,2026-08-15 23:20:16,Driving License,Android,Crypto Exchange,SUCCESS,,2029,7,1
TXN00225,2026-08-10 20:39:38,Driving License,iOS,Crypto Exchange,SUCCESS,,1775,15,1
TXN00226,2026-08-15 07:55:26,Aadhaar,iOS,Gaming & Wallets,SUCCESS,,1694,54,0
TXN00227,2026-08-13 11:48:26,Passport,Web,Crypto Exchange,FAILED,Face Match Failed,3345,63,1
TXN00228,2026-08-09 22:25:52,Driving License,Android,Gaming & Wallets,FAILED,OCR Extraction Error,2187,9,2
TXN00229,2026-08-01 07:26:15,Aadhaar,Web,Fintech Lending,SUCCESS,,2611,46,0
TXN00230,2026-08-30 23:49:48,Aadhaar,Android,Fintech Lending,SUCCESS,,2064,2,0
TXN00231,2026-08-25 09:07:26,Aadhaar,Web,Fintech Lending,SUCCESS,,3425,59,0
TXN00232,2026-08-10 07:37:01,Voter ID,Android,Neobank,SUCCESS,,1587,51,0
TXN00233,2026-08-11 23:08:33,PAN,Android,Neobank,SUCCESS,,1245,25,0
TXN00234,2026-08-05 00:20:10,Aadhaar,Android,Neobank,SUCCESS,,1662,37,3
TXN00235,2026-08-12 03:41:50,National ID (Intl),Web,Fintech Lending,SUCCESS,,3148,5,0
TXN00236,2026-08-09 16:57:47,Aadhaar,Android,Fintech Lending,FAILED,Blurry Image,3385,55,3
TXN00237,2026-08-27 05:48:03,Aadhaar,iOS,Gaming & Wallets,SUCCESS,,2388,45,1
TXN00238,2026-08-05 17:48:43,PAN,Web,Fintech Lending,SUCCESS,,2719,50,0
TXN00239,2026-08-02 10:30:59,Passport,Web,Crypto Exchange,SUCCESS,,2724,15,0
TXN00240,2026-08-05 03:50:27,National ID (Intl),Android,Gaming & Wallets,FAILED,Document Expired,2712,39,1
TXN00241,2026-08-16 08:57:24,Driving License,iOS,Gaming & Wallets,SUCCESS,,1738,7,0
TXN00242,2026-08-06 00:20:41,Aadhaar,Android,Gaming & Wallets,SUCCESS,,1813,39,1
TXN00243,2026-08-19 19:49:09,Voter ID,Android,Gaming & Wallets,FAILED,Liveness Failed,1447,92,1
TXN00244,2026-08-08 02:01:35,Aadhaar,Android,Gaming & Wallets,SUCCESS,,1867,31,1
TXN00245,2026-08-29 19:50:04,PAN,Web,Gaming & Wallets,SUCCESS,,1940,1,2
TXN00246,2026-08-22 08:53:48,PAN,iOS,Crypto Exchange,SUCCESS,,1537,26,2
TXN00247,2026-08-28 22:56:52,Aadhaar,iOS,Gaming & Wallets,SUCCESS,,1728,51,0
TXN00248,2026-08-27 16:54:43,Aadhaar,iOS,Neobank,SUCCESS,,844,54,0
TXN00249,2026-08-25 05:43:49,Driving License,iOS,Gaming & Wallets,SUCCESS,,1705,10,1
TXN00250,2026-08-29 06:21:48,Driving License,Android,Gaming & Wallets,SUCCESS,,2100,45,0
TXN00251,2026-08-06 07:25:28,Aadhaar,Web,Fintech Lending,SUCCESS,,2313,42,0
TXN00252,2026-08-17 02:20:17,Passport,iOS,Gaming & Wallets,FAILED,Document Expired,2024,79,1
TXN00253,2026-08-29 13:45:25,Aadhaar,Android,Gaming & Wallets,SUCCESS,,1969,59,2
TXN00254,2026-08-17 21:49:56,Aadhaar,Web,Neobank,SUCCESS,,1931,31,0
TXN00255,2026-08-16 11:33:23,Aadhaar,iOS,Gaming & Wallets,SUCCESS,,1291,7,0
TXN00256,2026-08-26 01:10:35,Aadhaar,Web,Neobank,SUCCESS,,1256,30,0
TXN00257,2026-08-20 04:53:12,PAN,Android,Gaming & Wallets,SUCCESS,,2176,38,0
TXN00258,2026-08-04 00:53:31,Aadhaar,Android,Crypto Exchange,SUCCESS,,2946,24,0
TXN00259,2026-08-26 14:49:57,PAN,Android,Gaming & Wallets,FAILED,Blurry Image,1789,19,1
TXN00260,2026-08-30 19:55:34,Voter ID,iOS,Crypto Exchange,SUCCESS,,2322,16,0
TXN00261,2026-08-21 07:17:01,Aadhaar,iOS,Gaming & Wallets,SUCCESS,,2159,32,0
TXN00262,2026-08-27 22:31:12,Driving License,iOS,Neobank,SUCCESS,,1709,54,0
TXN00263,2026-08-24 12:36:37,Aadhaar,Android,Fintech Lending,SUCCESS,,2011,44,0
TXN00264,2026-08-05 00:19:05,Driving License,Android,Neobank,SUCCESS,,2509,3,0
TXN00265,2026-08-28 11:01:49,Passport,Android,Gaming & Wallets,FAILED,OCR Extraction Error,2066,19,1
TXN00266,2026-08-22 10:13:45,Passport,Web,Fintech Lending,SUCCESS,,4433,20,1
TXN00267,2026-08-22 07:33:12,Aadhaar,Android,Fintech Lending,FAILED,Blurry Image,2532,80,1
TXN00268,2026-08-09 01:22:57,Voter ID,iOS,Gaming & Wallets,SUCCESS,,3061,35,0
TXN00269,2026-08-15 01:05:51,Passport,Android,Crypto Exchange,SUCCESS,,3496,58,0
TXN00270,2026-08-03 21:04:23,Aadhaar,Web,Gaming & Wallets,FAILED,API Timeout,13799,91,1
TXN00271,2026-08-19 05:06:26,Aadhaar,iOS,Gaming & Wallets,SUCCESS,,3902,6,0
TXN00272,2026-08-23 01:45:31,Driving License,iOS,Crypto Exchange,FAILED,Face Match Failed,3358,63,1
TXN00273,2026-08-11 13:47:24,Driving License,Web,Gaming & Wallets,FAILED,API Timeout,9985,75,1
TXN00274,2026-08-03 08:24:03,Passport,Android,Crypto Exchange,SUCCESS,,3177,2,0
TXN00275,2026-08-21 18:25:20,Voter ID,Android,Fintech Lending,SUCCESS,,2276,42,0
TXN00276,2026-08-18 11:56:15,Voter ID,Web,Fintech Lending,SUCCESS,,897,11,0
TXN00277,2026-08-21 20:05:25,Passport,iOS,Neobank,SUCCESS,,1966,15,0
TXN00278,2026-08-06 20:30:06,PAN,Android,Crypto Exchange,FAILED,Face Match Failed,1539,18,1
TXN00279,2026-08-07 11:07:35,PAN,Android,Gaming & Wallets,SUCCESS,,2239,37,0
TXN00280,2026-08-08 08:21:49,Passport,Android,Neobank,FAILED,Name Mismatch,1911,17,1
TXN00281,2026-08-21 20:16:26,Aadhaar,iOS,Crypto Exchange,SUCCESS,,1481,6,0
TXN00282,2026-08-02 07:15:09,Passport,iOS,Crypto Exchange,FAILED,Liveness Failed,1560,70,1
TXN00283,2026-08-25 00:35:09,PAN,iOS,Neobank,SUCCESS,,1300,5,0
TXN00284,2026-08-07 09:46:16,National ID (Intl),Web,Crypto Exchange,SUCCESS,,4543,35,0
TXN00285,2026-08-01 19:26:40,Driving License,Web,Fintech Lending,SUCCESS,,1833,46,0
TXN00286,2026-08-27 01:08:35,PAN,iOS,Fintech Lending,SUCCESS,,1553,49,1
TXN00287,2026-08-12 14:01:57,Driving License,Android,Gaming & Wallets,SUCCESS,,1287,30,0
TXN00288,2026-08-06 19:09:40,Aadhaar,iOS,Neobank,SUCCESS,,1991,34,1
TXN00289,2026-08-14 01:07:59,Driving License,Android,Neobank,SUCCESS,,1679,34,0
TXN00290,2026-08-25 02:03:13,Driving License,iOS,Fintech Lending,SUCCESS,,1689,37,0
TXN00291,2026-08-12 02:06:37,Aadhaar,iOS,Fintech Lending,SUCCESS,,717,12,2
TXN00292,2026-08-11 21:34:45,Voter ID,iOS,Gaming & Wallets,SUCCESS,,1669,18,1
TXN00293,2026-08-09 16:57:04,Passport,Android,Fintech Lending,SUCCESS,,2018,26,0
TXN00294,2026-08-16 21:19:59,PAN,Android,Crypto Exchange,SUCCESS,,1917,19,0
TXN00295,2026-08-18 21:04:11,PAN,iOS,Gaming & Wallets,SUCCESS,,1963,13,1
TXN00296,2026-08-01 07:25:50,Passport,iOS,Neobank,FAILED,Blurry Image,2139,93,2
TXN00297,2026-08-15 22:16:33,National ID (Intl),Android,Gaming & Wallets,SUCCESS,,3273,32,2
TXN00298,2026-08-05 12:23:02,National ID (Intl),Android,Crypto Exchange,SUCCESS,,1939,30,3
TXN00299,2026-08-20 03:27:09,Aadhaar,Android,Neobank,SUCCESS,,2147,9,0
TXN00300,2026-08-16 20:06:38,Aadhaar,Android,Gaming & Wallets,SUCCESS,,1723,13,0
TXN00301,2026-08-08 23:30:38,Driving License,Android,Fintech Lending,SUCCESS,,1759,23,2
TXN00302,2026-08-06 19:42:33,Aadhaar,Android,Crypto Exchange,SUCCESS,,2605,46,0
TXN00303,2026-08-08 04:48:35,Aadhaar,Web,Crypto Exchange,SUCCESS,,1580,33,0
TXN00304,2026-08-02 12:12:47,Aadhaar,Web,Neobank,FAILED,API Timeout,8663,18,2
TXN00305,2026-08-07 08:17:39,Aadhaar,Android,Neobank,SUCCESS,,1651,42,0
TXN00306,2026-08-02 01:23:56,Passport,Web,Fintech Lending,FAILED,Glare/Reflection,3164,16,2
TXN00307,2026-08-23 09:05:52,Voter ID,Android,Fintech Lending,SUCCESS,,3131,47,0
TXN00308,2026-08-18 04:22:25,Aadhaar,iOS,Neobank,SUCCESS,,1539,57,0
TXN00309,2026-08-25 05:15:03,Passport,iOS,Crypto Exchange,SUCCESS,,2064,18,0
TXN00310,2026-08-27 09:24:21,PAN,iOS,Neobank,SUCCESS,,1659,32,0
TXN00311,2026-08-09 17:30:02,Passport,Android,Crypto Exchange,SUCCESS,,2121,52,1
TXN00312,2026-08-29 08:23:47,Aadhaar,Web,Crypto Exchange,FAILED,Unsupported Document Format,992,39,1
TXN00313,2026-08-28 22:43:47,Driving License,iOS,Neobank,FAILED,API Timeout,13916,27,1
TXN00314,2026-08-29 17:13:12,PAN,iOS,Crypto Exchange,SUCCESS,,2180,13,1
TXN00315,2026-08-09 12:32:18,Driving License,Web,Crypto Exchange,SUCCESS,,1450,15,0
TXN00316,2026-08-07 08:01:52,PAN,Android,Neobank,SUCCESS,,976,10,1
TXN00317,2026-08-19 03:15:53,Voter ID,Web,Fintech Lending,SUCCESS,,2527,22,0
TXN00318,2026-08-24 15:37:44,Aadhaar,Android,Gaming & Wallets,SUCCESS,,2494,38,1
TXN00319,2026-08-07 04:22:17,PAN,iOS,Crypto Exchange,SUCCESS,,2678,50,2
TXN00320,2026-08-28 10:54:49,Aadhaar,iOS,Neobank,SUCCESS,,1991,5,0
TXN00321,2026-08-17 07:10:35,National ID (Intl),Android,Fintech Lending,SUCCESS,,2649,5,0
TXN00322,2026-08-19 17:38:57,Driving License,iOS,Fintech Lending,SUCCESS,,1885,27,0
TXN00323,2026-08-24 06:38:43,PAN,Android,Fintech Lending,SUCCESS,,2425,15,0
TXN00324,2026-08-01 23:23:33,Aadhaar,Web,Crypto Exchange,SUCCESS,,1455,47,0
TXN00325,2026-08-29 20:05:44,National ID (Intl),Web,Crypto Exchange,FAILED,Unsupported Document Format,3967,88,1
TXN00326,2026-08-17 01:45:11,Voter ID,Android,Fintech Lending,SUCCESS,,1080,47,2
TXN00327,2026-08-12 12:45:49,Passport,iOS,Crypto Exchange,SUCCESS,,1732,32,0
TXN00328,2026-08-30 03:18:06,PAN,Android,Crypto Exchange,SUCCESS,,1472,41,0
TXN00329,2026-08-20 07:04:58,Aadhaar,Web,Crypto Exchange,SUCCESS,,2758,42,0
TXN00330,2026-08-10 01:23:05,Aadhaar,Web,Crypto Exchange,SUCCESS,,1531,15,1
TXN00331,2026-08-05 03:51:22,Passport,Android,Fintech Lending,SUCCESS,,2740,49,0
TXN00332,2026-08-26 23:55:10,Passport,Web,Gaming & Wallets,SUCCESS,,3689,16,0
TXN00333,2026-08-25 08:59:26,Aadhaar,Web,Fintech Lending,SUCCESS,,2045,40,0
TXN00334,2026-08-11 06:52:11,National ID (Intl),Android,Neobank,FAILED,Blurry Image,5066,38,1
TXN00335,2026-08-19 20:10:05,Driving License,Web,Fintech Lending,SUCCESS,,2484,34,0
TXN00336,2026-08-06 11:05:38,Voter ID,iOS,Gaming & Wallets,SUCCESS,,1196,49,2
TXN00337,2026-08-14 21:19:20,Aadhaar,Android,Fintech Lending,FAILED,API Timeout,12583,78,1
TXN00338,2026-08-30 13:08:05,Aadhaar,Android,Neobank,SUCCESS,,1812,57,0
TXN00339,2026-08-19 01:55:29,Aadhaar,iOS,Crypto Exchange,SUCCESS,,2626,18,1
TXN00340,2026-08-07 12:34:13,Voter ID,iOS,Neobank,SUCCESS,,3818,21,0
TXN00341,2026-08-22 10:38:13,PAN,iOS,Neobank,SUCCESS,,4233,49,0
TXN00342,2026-08-04 04:26:57,PAN,Android,Neobank,SUCCESS,,2007,55,0
TXN00343,2026-08-03 19:08:27,Passport,Android,Neobank,SUCCESS,,1452,46,0
TXN00344,2026-08-07 00:19:20,PAN,Android,Gaming & Wallets,SUCCESS,,1475,29,0
TXN00345,2026-08-17 17:04:44,Voter ID,iOS,Crypto Exchange,SUCCESS,,2341,25,0
TXN00346,2026-08-11 17:53:33,Voter ID,iOS,Neobank,SUCCESS,,2312,27,0
TXN00347,2026-08-24 00:21:47,Voter ID,Web,Fintech Lending,FAILED,Liveness Failed,2124,37,1
TXN00348,2026-08-21 13:46:14,National ID (Intl),iOS,Crypto Exchange,FAILED,Unsupported Document Format,3098,43,1
TXN00349,2026-08-01 08:33:37,Voter ID,Android,Fintech Lending,SUCCESS,,3722,24,0
TXN00350,2026-08-24 09:15:57,Passport,Android,Fintech Lending,SUCCESS,,2680,46,2
TXN00351,2026-08-03 18:08:50,Passport,Android,Neobank,FAILED,Liveness Failed,2384,92,1
TXN00352,2026-08-13 14:15:12,Aadhaar,Android,Crypto Exchange,FAILED,Name Mismatch,2809,78,2
TXN00353,2026-08-18 09:40:45,PAN,iOS,Gaming & Wallets,SUCCESS,,2633,7,0
TXN00354,2026-08-17 07:02:24,Driving License,iOS,Neobank,SUCCESS,,1612,56,0
TXN00355,2026-08-29 10:14:21,Driving License,Android,Crypto Exchange,SUCCESS,,2975,56,0
TXN00356,2026-08-10 10:39:35,Passport,iOS,Gaming & Wallets,SUCCESS,,2855,20,0
TXN00357,2026-08-17 15:14:21,Voter ID,Android,Neobank,SUCCESS,,3122,30,0
TXN00358,2026-08-24 16:04:22,Voter ID,Android,Fintech Lending,SUCCESS,,3058,4,0
TXN00359,2026-08-28 23:24:48,Aadhaar,iOS,Neobank,SUCCESS,,1945,6,0
TXN00360,2026-08-24 04:12:41,PAN,Android,Gaming & Wallets,SUCCESS,,1849,21,1
TXN00361,2026-08-13 01:53:59,Passport,Android,Fintech Lending,SUCCESS,,2776,7,0
TXN00362,2026-08-15 11:25:50,Passport,Android,Fintech Lending,FAILED,Glare/Reflection,2050,60,2
TXN00363,2026-08-18 10:33:27,National ID (Intl),Android,Gaming & Wallets,FAILED,Blurry Image,1790,20,1
TXN00364,2026-08-26 23:00:34,Passport,Android,Crypto Exchange,SUCCESS,,2120,7,0
TXN00365,2026-08-22 13:39:49,Aadhaar,iOS,Gaming & Wallets,SUCCESS,,2109,10,0
TXN00366,2026-08-05 21:39:00,Driving License,Android,Gaming & Wallets,SUCCESS,,1407,9,0
TXN00367,2026-08-14 17:22:38,Voter ID,Android,Fintech Lending,SUCCESS,,1487,13,1
TXN00368,2026-08-20 21:24:02,Voter ID,Web,Crypto Exchange,SUCCESS,,1153,14,0
TXN00369,2026-08-05 07:41:44,PAN,Android,Fintech Lending,FAILED,API Timeout,8630,70,1
TXN00370,2026-08-23 04:09:13,Driving License,Web,Neobank,FAILED,Document Expired,1951,27,2
TXN00371,2026-08-21 16:19:13,Voter ID,Android,Crypto Exchange,FAILED,Blurry Image,3743,26,1
TXN00372,2026-08-05 12:17:46,Voter ID,Web,Crypto Exchange,SUCCESS,,1796,26,2
TXN00373,2026-08-21 11:21:45,Aadhaar,Android,Gaming & Wallets,SUCCESS,,2443,45,1
TXN00374,2026-08-21 04:42:26,National ID (Intl),Web,Fintech Lending,FAILED,OCR Extraction Error,3441,83,1
TXN00375,2026-08-24 10:49:42,PAN,Android,Neobank,FAILED,Blurry Image,1889,38,1
TXN00376,2026-08-17 10:08:55,Aadhaar,Web,Neobank,SUCCESS,,2686,28,0
TXN00377,2026-08-08 05:11:41,Aadhaar,Android,Gaming & Wallets,FAILED,Name Mismatch,2213,65,2
TXN00378,2026-08-16 13:33:55,Voter ID,Android,Gaming & Wallets,SUCCESS,,1252,26,1
TXN00379,2026-08-05 06:33:02,Aadhaar,Android,Gaming & Wallets,FAILED,Document Expired,1267,88,1
TXN00380,2026-08-05 09:54:03,PAN,Android,Fintech Lending,SUCCESS,,3412,42,0
TXN00381,2026-08-11 19:43:06,National ID (Intl),Android,Fintech Lending,FAILED,Name Mismatch,4776,89,1
TXN00382,2026-08-01 02:33:34,PAN,Android,Neobank,SUCCESS,,1538,45,0
TXN00383,2026-08-06 04:37:09,Voter ID,Android,Gaming & Wallets,SUCCESS,,1623,55,0
TXN00384,2026-08-06 05:33:22,PAN,iOS,Crypto Exchange,SUCCESS,,2248,58,0
TXN00385,2026-08-25 05:10:38,Passport,Web,Neobank,SUCCESS,,2744,28,1
TXN00386,2026-08-29 02:03:52,PAN,Android,Neobank,SUCCESS,,2467,43,0
TXN00387,2026-08-21 07:46:47,Voter ID,Android,Gaming & Wallets,FAILED,Unsupported Document Format,2482,48,3
TXN00388,2026-08-30 05:59:30,PAN,Android,Gaming & Wallets,SUCCESS,,2471,45,0
TXN00389,2026-08-10 18:03:09,PAN,iOS,Neobank,SUCCESS,,3013,59,0
TXN00390,2026-08-25 11:04:42,National ID (Intl),iOS,Neobank,SUCCESS,,4246,49,0
TXN00391,2026-08-26 22:02:30,PAN,iOS,Gaming & Wallets,SUCCESS,,2026,10,0
TXN00392,2026-08-14 21:55:52,Aadhaar,Android,Neobank,SUCCESS,,2476,35,0
TXN00393,2026-08-28 05:55:39,Driving License,Android,Neobank,SUCCESS,,2063,45,0
TXN00394,2026-08-21 05:20:05,Driving License,Web,Gaming & Wallets,FAILED,Unsupported Document Format,1554,6,2
TXN00395,2026-08-11 22:46:58,Aadhaar,Web,Gaming & Wallets,FAILED,API Timeout,11826,82,1
TXN00396,2026-08-09 14:42:58,Driving License,Android,Gaming & Wallets,FAILED,Blurry Image,1668,25,1
TXN00397,2026-08-02 22:32:02,Aadhaar,Android,Neobank,SUCCESS,,1786,60,0
TXN00398,2026-08-04 12:54:44,Voter ID,Android,Crypto Exchange,FAILED,Face Match Failed,1626,13,2
TXN00399,2026-08-05 11:07:27,Aadhaar,Android,Gaming & Wallets,SUCCESS,,3959,22,0
TXN00400,2026-08-28 06:00:08,Aadhaar,iOS,Gaming & Wallets,SUCCESS,,2399,58,0
TXN00401,2026-08-16 13:55:07,Voter ID,Android,Fintech Lending,SUCCESS,,2442,17,0
TXN00402,2026-08-25 23:12:48,Aadhaar,Web,Crypto Exchange,FAILED,Liveness Failed,1366,17,1
TXN00403,2026-08-04 04:16:48,National ID (Intl),Android,Fintech Lending,SUCCESS,,3529,44,0
TXN00404,2026-08-04 12:01:35,Aadhaar,Android,Gaming & Wallets,SUCCESS,,1360,22,0
TXN00405,2026-08-28 02:12:54,Aadhaar,Android,Crypto Exchange,SUCCESS,,1806,26,0
TXN00406,2026-08-04 01:40:37,Aadhaar,iOS,Fintech Lending,SUCCESS,,2372,5,0
TXN00407,2026-08-30 10:42:01,PAN,Android,Crypto Exchange,SUCCESS,,2652,26,1
TXN00408,2026-08-07 14:53:45,Aadhaar,Android,Neobank,SUCCESS,,1427,20,0
TXN00409,2026-08-01 12:59:27,Voter ID,iOS,Crypto Exchange,SUCCESS,,2074,1,0
TXN00410,2026-08-15 18:59:27,PAN,Android,Fintech Lending,SUCCESS,,3391,14,0
TXN00411,2026-08-09 22:22:01,Passport,Android,Neobank,SUCCESS,,2564,12,0
TXN00412,2026-08-27 16:24:20,Passport,Android,Gaming & Wallets,SUCCESS,,2292,13,1
TXN00413,2026-08-12 09:15:02,PAN,Android,Neobank,SUCCESS,,4098,21,0
TXN00414,2026-08-28 10:54:57,PAN,iOS,Neobank,SUCCESS,,1495,51,0
TXN00415,2026-08-07 12:28:39,Driving License,Android,Crypto Exchange,SUCCESS,,1645,29,0
TXN00416,2026-08-30 10:46:20,PAN,iOS,Neobank,SUCCESS,,935,58,0
TXN00417,2026-08-04 15:50:50,Aadhaar,Web,Fintech Lending,FAILED,API Timeout,12052,80,1
TXN00418,2026-08-08 05:10:11,Aadhaar,Android,Gaming & Wallets,SUCCESS,,963,47,1
TXN00419,2026-08-20 06:17:17,Aadhaar,Android,Fintech Lending,SUCCESS,,3150,9,0
TXN00420,2026-08-24 11:19:20,Aadhaar,Web,Neobank,FAILED,Blurry Image,2451,38,1
TXN00421,2026-08-19 20:09:40,Aadhaar,Android,Crypto Exchange,SUCCESS,,1941,42,0
TXN00422,2026-08-13 18:47:07,Driving License,Android,Crypto Exchange,SUCCESS,,2137,25,0
TXN00423,2026-08-19 06:27:17,Passport,Web,Crypto Exchange,FAILED,Glare/Reflection,1466,49,1
TXN00424,2026-08-22 08:31:08,PAN,iOS,Neobank,SUCCESS,,1614,24,0
TXN00425,2026-08-17 00:44:23,Driving License,iOS,Gaming & Wallets,SUCCESS,,1956,14,0
TXN00426,2026-08-03 02:16:00,Passport,Android,Neobank,SUCCESS,,2130,33,0
TXN00427,2026-08-09 17:45:32,Passport,Android,Crypto Exchange,SUCCESS,,3944,47,0
TXN00428,2026-08-30 10:39:13,Aadhaar,Android,Gaming & Wallets,FAILED,API Timeout,13743,28,1
TXN00429,2026-08-23 00:19:51,PAN,Android,Crypto Exchange,SUCCESS,,1317,9,0
TXN00430,2026-08-08 06:15:05,Aadhaar,Web,Gaming & Wallets,SUCCESS,,3262,35,0
TXN00431,2026-08-30 07:05:56,Aadhaar,Android,Neobank,SUCCESS,,2412,27,0
TXN00432,2026-08-24 09:42:52,Aadhaar,Android,Neobank,SUCCESS,,1679,48,1
TXN00433,2026-08-07 11:59:06,Voter ID,iOS,Gaming & Wallets,SUCCESS,,1072,35,0
TXN00434,2026-08-29 01:24:13,Aadhaar,iOS,Fintech Lending,SUCCESS,,2036,14,0
TXN00435,2026-08-21 16:24:33,PAN,Android,Neobank,SUCCESS,,1858,18,4
TXN00436,2026-08-09 16:13:24,PAN,Android,Gaming & Wallets,SUCCESS,,2088,20,0
TXN00437,2026-08-06 18:44:41,Driving License,Android,Neobank,SUCCESS,,1796,11,0
TXN00438,2026-08-08 19:16:24,PAN,iOS,Fintech Lending,SUCCESS,,3032,53,0
TXN00439,2026-08-13 18:31:27,National ID (Intl),Android,Fintech Lending,SUCCESS,,3688,46,2
TXN00440,2026-08-24 23:58:51,Aadhaar,iOS,Neobank,SUCCESS,,1185,52,0
TXN00441,2026-08-30 20:44:53,Aadhaar,iOS,Neobank,SUCCESS,,1727,38,0
TXN00442,2026-08-27 16:19:18,Aadhaar,iOS,Fintech Lending,SUCCESS,,1420,13,0
TXN00443,2026-08-20 18:20:46,PAN,Android,Neobank,SUCCESS,,2144,22,2
TXN00444,2026-08-22 11:51:46,Driving License,Web,Crypto Exchange,FAILED,OCR Extraction Error,3898,63,1
TXN00445,2026-08-06 15:27:44,Voter ID,Web,Gaming & Wallets,SUCCESS,,1431,15,0
TXN00446,2026-08-26 01:46:15,Aadhaar,Android,Crypto Exchange,SUCCESS,,2353,19,0
TXN00447,2026-08-27 22:05:57,Driving License,Web,Fintech Lending,FAILED,Liveness Failed,869,39,1
TXN00448,2026-08-25 05:22:34,Driving License,Web,Neobank,SUCCESS,,1619,17,0
TXN00449,2026-08-08 13:44:52,Aadhaar,Android,Crypto Exchange,SUCCESS,,3426,1,1
TXN00450,2026-08-19 00:28:31,Passport,Android,Gaming & Wallets,SUCCESS,,1459,58,0
TXN00451,2026-08-20 07:33:47,Aadhaar,Android,Crypto Exchange,SUCCESS,,2097,52,0
TXN00452,2026-08-20 02:42:48,National ID (Intl),Android,Crypto Exchange,FAILED,Liveness Failed,3105,71,1
TXN00453,2026-08-19 10:03:56,Driving License,Android,Neobank,SUCCESS,,1524,17,0
TXN00454,2026-08-18 18:19:57,Aadhaar,Android,Crypto Exchange,SUCCESS,,1847,49,0
TXN00455,2026-08-28 17:44:26,Voter ID,Android,Neobank,SUCCESS,,2119,7,1
TXN00456,2026-08-10 12:25:48,Driving License,iOS,Gaming & Wallets,SUCCESS,,2497,32,0
TXN00457,2026-08-24 14:57:13,Voter ID,iOS,Crypto Exchange,SUCCESS,,2178,26,0
TXN00458,2026-08-24 03:12:31,Aadhaar,Android,Crypto Exchange,FAILED,Blurry Image,2436,51,1
TXN00459,2026-08-20 23:44:10,National ID (Intl),Android,Fintech Lending,SUCCESS,,2087,42,0
TXN00460,2026-08-25 18:42:39,National ID (Intl),Android,Crypto Exchange,SUCCESS,,2892,41,2
TXN00461,2026-08-21 11:27:06,Voter ID,iOS,Crypto Exchange,SUCCESS,,2656,5,0
TXN00462,2026-08-13 23:37:40,PAN,Android,Crypto Exchange,SUCCESS,,1142,50,1
TXN00463,2026-08-21 02:19:55,PAN,iOS,Gaming & Wallets,SUCCESS,,2548,16,0
TXN00464,2026-08-11 05:20:00,National ID (Intl),iOS,Fintech Lending,SUCCESS,,5289,2,1
TXN00465,2026-08-13 17:46:44,Passport,Web,Fintech Lending,SUCCESS,,1833,48,0
TXN00466,2026-08-02 09:17:16,Passport,Android,Neobank,SUCCESS,,724,56,0
TXN00467,2026-08-27 15:06:05,National ID (Intl),Android,Crypto Exchange,SUCCESS,,1974,41,1
TXN00468,2026-08-17 20:28:49,Voter ID,Android,Crypto Exchange,SUCCESS,,1669,20,0
TXN00469,2026-08-26 09:42:27,Aadhaar,Android,Fintech Lending,SUCCESS,,2747,31,0
TXN00470,2026-08-15 13:04:17,Driving License,Android,Gaming & Wallets,SUCCESS,,1883,15,1
TXN00471,2026-08-20 03:55:10,Passport,Android,Gaming & Wallets,SUCCESS,,2877,54,0
TXN00472,2026-08-26 01:53:39,Aadhaar,Android,Neobank,SUCCESS,,2333,48,0
TXN00473,2026-08-09 20:31:11,Aadhaar,Android,Fintech Lending,SUCCESS,,1300,29,0
TXN00474,2026-08-08 09:16:00,Passport,Android,Fintech Lending,SUCCESS,,2050,7,0
TXN00475,2026-08-12 07:14:38,Aadhaar,Android,Fintech Lending,SUCCESS,,1597,32,4
TXN00476,2026-08-04 21:28:00,PAN,iOS,Crypto Exchange,FAILED,Unsupported Document Format,1229,29,2
TXN00477,2026-08-06 22:05:43,Aadhaar,Android,Fintech Lending,FAILED,API Timeout,8657,90,4
TXN00478,2026-08-16 16:23:45,PAN,iOS,Crypto Exchange,SUCCESS,,3418,36,0
TXN00479,2026-08-18 11:55:38,Aadhaar,iOS,Neobank,SUCCESS,,2641,8,0
TXN00480,2026-08-29 09:13:16,PAN,Android,Crypto Exchange,SUCCESS,,1926,24,1
TXN00481,2026-08-03 21:57:57,Aadhaar,Android,Crypto Exchange,SUCCESS,,2672,51,0
TXN00482,2026-08-22 07:08:40,PAN,Android,Crypto Exchange,SUCCESS,,1259,47,0
TXN00483,2026-08-28 03:18:39,Voter ID,Android,Gaming & Wallets,SUCCESS,,2312,12,0
TXN00484,2026-08-04 08:14:49,PAN,Android,Neobank,SUCCESS,,1688,35,0
TXN00485,2026-08-10 00:09:47,Aadhaar,iOS,Gaming & Wallets,SUCCESS,,2237,40,0
TXN00486,2026-08-10 05:12:50,Driving License,iOS,Gaming & Wallets,SUCCESS,,1991,40,0
TXN00487,2026-08-26 09:34:22,PAN,Android,Fintech Lending,SUCCESS,,1492,3,0
TXN00488,2026-08-03 09:11:20,Voter ID,iOS,Crypto Exchange,SUCCESS,,2139,60,2
TXN00489,2026-08-23 17:19:42,Passport,Web,Fintech Lending,FAILED,Blurry Image,3512,58,2
TXN00490,2026-08-26 16:21:14,Driving License,Android,Crypto Exchange,SUCCESS,,1379,14,2
TXN00491,2026-08-10 04:44:14,Aadhaar,iOS,Gaming & Wallets,SUCCESS,,2487,12,0
TXN00492,2026-08-23 06:26:53,Passport,iOS,Crypto Exchange,SUCCESS,,1902,51,0
TXN00493,2026-08-26 22:02:20,PAN,Android,Neobank,FAILED,Face Match Failed,1755,46,2
TXN00494,2026-08-30 12:51:10,PAN,iOS,Crypto Exchange,SUCCESS,,2087,36,2
TXN00495,2026-08-20 06:38:38,Aadhaar,Web,Gaming & Wallets,SUCCESS,,1352,2,0
TXN00496,2026-08-11 18:31:00,National ID (Intl),Android,Crypto Exchange,SUCCESS,,1965,45,1
TXN00497,2026-08-05 13:51:08,Voter ID,Android,Neobank,SUCCESS,,1806,24,1
TXN00498,2026-08-05 11:04:38,Aadhaar,Android,Crypto Exchange,SUCCESS,,2106,5,1
TXN00499,2026-08-29 21:29:40,Driving License,Android,Fintech Lending,SUCCESS,,1445,59,1
TXN00500,2026-08-06 20:26:23,PAN,Web,Gaming & Wallets,FAILED,Document Expired,2516,6,1
TXN00501,2026-08-16 12:01:50,Passport,Android,Fintech Lending,SUCCESS,,1309,15,0
TXN00502,2026-08-29 21:22:45,Driving License,Web,Gaming & Wallets,SUCCESS,,1295,51,0
TXN00503,2026-08-27 14:38:37,Aadhaar,Android,Fintech Lending,SUCCESS,,1211,50,0
TXN00504,2026-08-24 16:23:57,Driving License,Android,Neobank,SUCCESS,,2203,48,0
TXN00505,2026-08-16 16:48:06,Aadhaar,Android,Gaming & Wallets,SUCCESS,,2103,27,0
TXN00506,2026-08-15 19:08:22,PAN,Android,Fintech Lending,SUCCESS,,1205,52,0
TXN00507,2026-08-10 16:39:00,Aadhaar,Android,Neobank,SUCCESS,,933,6,0
TXN00508,2026-08-14 23:10:38,Aadhaar,Web,Neobank,SUCCESS,,2277,29,0
TXN00509,2026-08-10 21:26:44,PAN,iOS,Neobank,SUCCESS,,2788,40,1
TXN00510,2026-08-19 06:46:42,Aadhaar,iOS,Fintech Lending,SUCCESS,,2214,11,0
TXN00511,2026-08-03 13:50:55,Aadhaar,iOS,Crypto Exchange,SUCCESS,,2659,59,0
TXN00512,2026-08-12 05:19:51,Voter ID,Android,Gaming & Wallets,FAILED,OCR Extraction Error,1953,16,1
TXN00513,2026-08-02 22:18:53,PAN,Android,Fintech Lending,SUCCESS,,2051,26,1
TXN00514,2026-08-15 16:14:08,Aadhaar,iOS,Crypto Exchange,SUCCESS,,3553,52,0
TXN00515,2026-08-27 22:33:04,Aadhaar,Android,Fintech Lending,FAILED,Blurry Image,1708,22,1
TXN00516,2026-08-21 06:13:42,PAN,Web,Neobank,SUCCESS,,2883,35,0
TXN00517,2026-08-07 16:54:33,Passport,iOS,Neobank,SUCCESS,,2588,9,0
TXN00518,2026-08-16 09:54:35,Voter ID,iOS,Neobank,SUCCESS,,2144,12,0
TXN00519,2026-08-21 02:23:30,Voter ID,iOS,Crypto Exchange,FAILED,Face Match Failed,4569,86,3
TXN00520,2026-08-07 09:15:43,Aadhaar,iOS,Fintech Lending,SUCCESS,,2999,18,0
TXN00521,2026-08-02 06:23:26,Passport,iOS,Neobank,SUCCESS,,2479,33,1
TXN00522,2026-08-19 19:25:26,PAN,iOS,Neobank,SUCCESS,,1525,3,0
TXN00523,2026-08-11 19:17:40,National ID (Intl),Web,Gaming & Wallets,FAILED,Unsupported Document Format,3773,61,2
TXN00524,2026-08-12 23:31:26,PAN,Android,Gaming & Wallets,SUCCESS,,3050,53,0
TXN00525,2026-08-26 06:36:00,PAN,iOS,Fintech Lending,SUCCESS,,1616,57,4
TXN00526,2026-08-28 01:46:07,PAN,Android,Fintech Lending,SUCCESS,,1433,57,0
TXN00527,2026-08-15 07:01:25,Voter ID,Android,Gaming & Wallets,SUCCESS,,1148,10,0
TXN00528,2026-08-09 17:26:55,Passport,Android,Fintech Lending,FAILED,Unsupported Document Format,2289,57,1
TXN00529,2026-08-23 01:44:39,Aadhaar,Android,Neobank,SUCCESS,,1479,46,1
TXN00530,2026-08-22 19:35:13,Driving License,Android,Fintech Lending,SUCCESS,,2164,36,0
TXN00531,2026-08-08 20:53:17,Driving License,Web,Neobank,FAILED,Document Expired,2488,44,2
TXN00532,2026-08-06 16:57:37,National ID (Intl),Android,Neobank,FAILED,Unsupported Document Format,3183,82,2
TXN00533,2026-08-23 00:38:37,Aadhaar,iOS,Gaming & Wallets,SUCCESS,,1062,16,1
TXN00534,2026-08-03 08:59:40,Aadhaar,iOS,Neobank,SUCCESS,,1325,10,1
TXN00535,2026-08-17 01:46:20,Driving License,Web,Crypto Exchange,FAILED,Blurry Image,1880,91,1
TXN00536,2026-08-23 02:30:25,Driving License,iOS,Neobank,SUCCESS,,1831,50,0
TXN00537,2026-08-21 17:52:06,PAN,Android,Fintech Lending,SUCCESS,,1219,8,0
TXN00538,2026-08-11 03:33:43,Aadhaar,Android,Neobank,SUCCESS,,1936,60,1
TXN00539,2026-08-13 14:31:33,Driving License,Android,Crypto Exchange,SUCCESS,,3165,9,0
TXN00540,2026-08-24 21:48:33,PAN,iOS,Gaming & Wallets,SUCCESS,,2697,19,3
TXN00541,2026-08-11 01:33:28,Aadhaar,Android,Fintech Lending,SUCCESS,,3331,22,0
TXN00542,2026-08-14 16:07:08,Driving License,Android,Neobank,SUCCESS,,1379,36,0
TXN00543,2026-08-20 05:25:51,Aadhaar,iOS,Crypto Exchange,SUCCESS,,2146,12,0
TXN00544,2026-08-24 00:49:59,Voter ID,Web,Gaming & Wallets,FAILED,OCR Extraction Error,1939,73,2
TXN00545,2026-08-26 07:05:39,PAN,Web,Fintech Lending,SUCCESS,,2434,35,0
TXN00546,2026-08-04 05:08:37,Passport,Android,Crypto Exchange,FAILED,Glare/Reflection,3235,78,1
TXN00547,2026-08-16 06:25:06,Aadhaar,Android,Crypto Exchange,SUCCESS,,1719,57,0
TXN00548,2026-08-26 11:47:10,PAN,Web,Neobank,SUCCESS,,1930,31,1
TXN00549,2026-08-26 10:04:14,Aadhaar,Android,Gaming & Wallets,SUCCESS,,1274,7,1
TXN00550,2026-08-10 23:03:37,National ID (Intl),iOS,Neobank,FAILED,OCR Extraction Error,4182,5,1
TXN00551,2026-08-17 04:18:38,Aadhaar,Web,Fintech Lending,SUCCESS,,1131,43,1
TXN00552,2026-08-16 13:51:09,Aadhaar,iOS,Neobank,SUCCESS,,1519,50,0
TXN00553,2026-08-06 13:21:21,Aadhaar,Android,Crypto Exchange,SUCCESS,,2326,14,0
TXN00554,2026-08-28 20:51:18,Passport,Android,Crypto Exchange,SUCCESS,,1026,22,0
TXN00555,2026-08-06 03:24:49,Aadhaar,Android,Fintech Lending,SUCCESS,,1327,46,0
TXN00556,2026-08-30 22:03:33,Passport,Web,Gaming & Wallets,SUCCESS,,1762,49,0
TXN00557,2026-08-28 13:31:20,Passport,Web,Gaming & Wallets,SUCCESS,,1929,44,0
TXN00558,2026-08-07 23:26:52,Driving License,Android,Neobank,FAILED,Liveness Failed,3004,94,3
TXN00559,2026-08-23 00:06:46,PAN,Web,Crypto Exchange,SUCCESS,,1838,19,1
TXN00560,2026-08-20 16:39:30,Passport,Android,Fintech Lending,FAILED,OCR Extraction Error,1482,43,1
TXN00561,2026-08-27 14:24:24,PAN,Android,Neobank,SUCCESS,,1975,14,1
TXN00562,2026-08-28 12:50:56,Passport,iOS,Gaming & Wallets,SUCCESS,,2069,43,0
TXN00563,2026-08-06 13:11:44,Driving License,iOS,Gaming & Wallets,SUCCESS,,1900,53,0
TXN00564,2026-08-29 22:51:45,PAN,Android,Fintech Lending,SUCCESS,,1730,43,0
TXN00565,2026-08-08 02:56:50,Aadhaar,Android,Fintech Lending,SUCCESS,,1920,40,0
TXN00566,2026-08-15 13:13:01,Aadhaar,iOS,Crypto Exchange,SUCCESS,,2854,60,0
TXN00567,2026-08-29 06:55:34,National ID (Intl),Android,Fintech Lending,SUCCESS,,5219,9,1
TXN00568,2026-08-01 00:58:57,Aadhaar,Web,Fintech Lending,SUCCESS,,2698,56,0
TXN00569,2026-08-16 10:38:42,Aadhaar,Android,Gaming & Wallets,SUCCESS,,1808,14,0
TXN00570,2026-08-18 11:45:56,PAN,Android,Gaming & Wallets,SUCCESS,,2248,5,0
TXN00571,2026-08-07 14:11:24,Aadhaar,Web,Gaming & Wallets,SUCCESS,,2312,30,1
TXN00572,2026-08-23 01:24:28,Driving License,Web,Neobank,SUCCESS,,2115,23,0
TXN00573,2026-08-12 11:50:01,PAN,Android,Gaming & Wallets,SUCCESS,,2095,3,0
TXN00574,2026-08-04 21:16:49,Driving License,Android,Gaming & Wallets,SUCCESS,,1953,57,0
TXN00575,2026-08-27 04:12:37,Aadhaar,iOS,Fintech Lending,SUCCESS,,1774,22,0
TXN00576,2026-08-28 20:43:04,Aadhaar,Android,Gaming & Wallets,SUCCESS,,599,52,0
TXN00577,2026-08-28 08:45:55,Aadhaar,iOS,Crypto Exchange,SUCCESS,,2401,37,0
TXN00578,2026-08-14 22:09:52,National ID (Intl),Web,Fintech Lending,SUCCESS,,4015,40,0
TXN00579,2026-08-30 07:30:11,Voter ID,Android,Fintech Lending,SUCCESS,,2132,29,0
TXN00580,2026-08-24 12:58:15,Aadhaar,iOS,Neobank,SUCCESS,,2032,6,2
TXN00581,2026-08-21 01:07:08,Passport,Web,Gaming & Wallets,FAILED,Glare/Reflection,1809,31,1
TXN00582,2026-08-06 15:08:35,Voter ID,Android,Crypto Exchange,SUCCESS,,1917,31,1
TXN00583,2026-08-19 22:27:54,Driving License,Android,Gaming & Wallets,SUCCESS,,1816,34,0
TXN00584,2026-08-21 23:04:01,Aadhaar,Web,Crypto Exchange,SUCCESS,,2265,18,0
TXN00585,2026-08-23 09:13:49,Aadhaar,iOS,Gaming & Wallets,SUCCESS,,3508,38,1
TXN00586,2026-08-16 04:59:08,PAN,iOS,Neobank,SUCCESS,,3701,1,0
TXN00587,2026-08-11 15:38:18,Passport,iOS,Crypto Exchange,SUCCESS,,2156,39,0
TXN00588,2026-08-06 19:47:00,Voter ID,Web,Fintech Lending,SUCCESS,,2209,49,1
TXN00589,2026-08-09 22:40:55,Passport,Web,Fintech Lending,SUCCESS,,1464,41,0
TXN00590,2026-08-13 11:49:07,National ID (Intl),iOS,Crypto Exchange,SUCCESS,,2877,4,0
TXN00591,2026-08-24 20:53:50,Driving License,Android,Fintech Lending,FAILED,Blurry Image,1665,18,1
TXN00592,2026-08-22 10:28:47,Driving License,Android,Fintech Lending,SUCCESS,,2115,29,0
TXN00593,2026-08-02 20:04:54,PAN,iOS,Fintech Lending,SUCCESS,,1251,58,0
TXN00594,2026-08-24 05:04:22,Aadhaar,iOS,Gaming & Wallets,SUCCESS,,2900,1,0
TXN00595,2026-08-28 12:53:13,Driving License,iOS,Fintech Lending,SUCCESS,,3111,20,0
TXN00596,2026-08-18 17:40:11,Passport,Web,Fintech Lending,SUCCESS,,1801,42,0
TXN00597,2026-08-15 12:12:33,Passport,Web,Neobank,SUCCESS,,3806,23,0
TXN00598,2026-08-07 19:02:43,Voter ID,Android,Neobank,SUCCESS,,1545,51,0
TXN00599,2026-08-01 19:07:43,PAN,Android,Gaming & Wallets,SUCCESS,,3478,30,2
TXN00600,2026-08-04 11:55:30,Voter ID,Android,Neobank,SUCCESS,,1073,31,1
TXN00601,2026-08-01 16:44:12,Passport,Android,Neobank,SUCCESS,,1352,51,0
TXN00602,2026-08-06 03:53:05,Passport,Web,Fintech Lending,SUCCESS,,2317,5,1
TXN00603,2026-08-16 17:45:39,PAN,Web,Gaming & Wallets,SUCCESS,,2548,21,1
TXN00604,2026-08-17 06:53:24,Driving License,iOS,Neobank,SUCCESS,,1141,11,0
TXN00605,2026-08-07 11:23:18,Passport,Android,Fintech Lending,SUCCESS,,3422,50,0
TXN00606,2026-08-09 17:01:52,Voter ID,Android,Fintech Lending,FAILED,Liveness Failed,2161,93,2
TXN00607,2026-08-07 22:42:33,Driving License,iOS,Neobank,SUCCESS,,2045,12,0
TXN00608,2026-08-30 17:05:22,Aadhaar,Android,Gaming & Wallets,FAILED,Face Match Failed,2591,5,1
TXN00609,2026-08-18 13:38:44,Aadhaar,Web,Fintech Lending,SUCCESS,,1886,14,0
TXN00610,2026-08-25 03:38:48,Aadhaar,iOS,Gaming & Wallets,SUCCESS,,2223,42,0
TXN00611,2026-08-03 02:28:06,Aadhaar,Android,Gaming & Wallets,SUCCESS,,1117,11,1
TXN00612,2026-08-22 14:15:14,PAN,Android,Neobank,SUCCESS,,1753,44,1
TXN00613,2026-08-05 18:15:10,Aadhaar,Android,Neobank,SUCCESS,,1871,58,0
TXN00614,2026-08-08 00:52:07,PAN,Android,Gaming & Wallets,SUCCESS,,2164,24,0
TXN00615,2026-08-10 19:35:33,Driving License,iOS,Crypto Exchange,SUCCESS,,1722,30,0
TXN00616,2026-08-30 07:17:12,Aadhaar,Android,Crypto Exchange,SUCCESS,,3559,36,1
TXN00617,2026-08-11 12:10:26,Aadhaar,Web,Gaming & Wallets,SUCCESS,,2645,47,0
TXN00618,2026-08-29 03:07:40,Voter ID,Android,Gaming & Wallets,SUCCESS,,1897,31,1
TXN00619,2026-08-24 06:23:21,PAN,Android,Gaming & Wallets,SUCCESS,,2277,32,0
TXN00620,2026-08-11 13:59:45,Passport,Android,Gaming & Wallets,SUCCESS,,1410,6,0
TXN00621,2026-08-28 16:32:30,Driving License,Android,Gaming & Wallets,FAILED,Blurry Image,1774,95,1
TXN00622,2026-08-01 01:35:19,Driving License,Android,Gaming & Wallets,FAILED,Blurry Image,2847,9,1
TXN00623,2026-08-04 22:19:26,Driving License,iOS,Neobank,SUCCESS,,2204,24,1
TXN00624,2026-08-18 17:55:16,Aadhaar,Android,Fintech Lending,SUCCESS,,2701,36,1
TXN00625,2026-08-27 04:43:08,Aadhaar,Web,Neobank,SUCCESS,,1616,38,1
TXN00626,2026-08-16 13:22:02,Driving License,iOS,Neobank,SUCCESS,,1290,18,0
TXN00627,2026-08-23 19:46:50,PAN,Android,Fintech Lending,SUCCESS,,2512,19,0
TXN00628,2026-08-10 03:26:52,PAN,iOS,Fintech Lending,SUCCESS,,1943,58,0
TXN00629,2026-08-14 09:29:47,National ID (Intl),Android,Neobank,SUCCESS,,2492,14,0
TXN00630,2026-08-24 00:08:21,Passport,Android,Neobank,SUCCESS,,1817,19,0
TXN00631,2026-08-20 23:39:20,Aadhaar,Web,Crypto Exchange,SUCCESS,,3098,32,0
TXN00632,2026-08-23 05:37:00,Driving License,Web,Gaming & Wallets,SUCCESS,,1530,31,0
TXN00633,2026-08-18 03:24:56,Aadhaar,Web,Neobank,SUCCESS,,1289,12,3
TXN00634,2026-08-08 19:52:31,Voter ID,iOS,Neobank,SUCCESS,,1335,9,0
TXN00635,2026-08-16 09:15:58,PAN,Android,Fintech Lending,FAILED,Blurry Image,565,73,1
TXN00636,2026-08-08 01:23:04,National ID (Intl),Android,Gaming & Wallets,FAILED,Unsupported Document Format,3382,87,2
TXN00637,2026-08-28 10:32:32,PAN,Android,Neobank,SUCCESS,,2931,8,1
TXN00638,2026-08-15 22:56:30,Voter ID,Android,Fintech Lending,SUCCESS,,2187,23,0
TXN00639,2026-08-14 11:48:31,Aadhaar,iOS,Neobank,SUCCESS,,3202,32,0
TXN00640,2026-08-20 07:11:19,Passport,Web,Crypto Exchange,SUCCESS,,2798,24,0
TXN00641,2026-08-28 05:39:03,PAN,Android,Gaming & Wallets,SUCCESS,,2555,27,1
TXN00642,2026-08-21 02:34:14,Aadhaar,Web,Gaming & Wallets,SUCCESS,,2115,14,0
TXN00643,2026-08-04 05:01:49,National ID (Intl),Android,Crypto Exchange,FAILED,OCR Extraction Error,3585,27,1
TXN00644,2026-08-10 16:09:06,Driving License,iOS,Neobank,SUCCESS,,1704,3,1
TXN00645,2026-08-28 03:36:34,PAN,iOS,Gaming & Wallets,SUCCESS,,904,10,0
TXN00646,2026-08-07 00:40:35,National ID (Intl),Web,Gaming & Wallets,FAILED,Unsupported Document Format,2898,93,1
TXN00647,2026-08-04 05:44:24,Aadhaar,iOS,Gaming & Wallets,SUCCESS,,1703,28,1
TXN00648,2026-08-19 02:48:43,Passport,Android,Fintech Lending,SUCCESS,,2676,11,0
TXN00649,2026-08-18 08:23:03,Aadhaar,Android,Neobank,SUCCESS,,1579,59,2
TXN00650,2026-08-25 22:41:52,Aadhaar,Android,Fintech Lending,SUCCESS,,2770,39,1
TXN00651,2026-08-14 04:16:21,Passport,Web,Crypto Exchange,SUCCESS,,2264,38,0
TXN00652,2026-08-19 02:35:34,Aadhaar,Android,Crypto Exchange,SUCCESS,,1024,11,0
TXN00653,2026-08-28 02:52:49,Aadhaar,Android,Neobank,SUCCESS,,3039,35,1
TXN00654,2026-08-23 08:30:40,Driving License,Web,Gaming & Wallets,FAILED,Glare/Reflection,1487,22,2
TXN00655,2026-08-09 08:38:09,Voter ID,iOS,Crypto Exchange,FAILED,Blurry Image,2547,93,1
TXN00656,2026-08-04 19:34:53,Aadhaar,Android,Neobank,SUCCESS,,2386,2,1
TXN00657,2026-08-02 14:12:22,Driving License,Android,Fintech Lending,FAILED,Name Mismatch,1704,90,1
TXN00658,2026-08-29 12:36:25,Aadhaar,Android,Neobank,FAILED,Blurry Image,1811,40,3
TXN00659,2026-08-25 12:15:42,PAN,Android,Neobank,SUCCESS,,1129,1,0
TXN00660,2026-08-27 01:47:51,Driving License,Web,Neobank,SUCCESS,,1900,12,0
TXN00661,2026-08-19 10:17:00,National ID (Intl),Android,Crypto Exchange,SUCCESS,,3243,49,3
TXN00662,2026-08-25 01:40:03,Aadhaar,Android,Neobank,SUCCESS,,2637,3,0
TXN00663,2026-08-30 03:30:16,PAN,Android,Gaming & Wallets,SUCCESS,,4051,15,0
TXN00664,2026-08-04 09:06:01,Aadhaar,Web,Neobank,SUCCESS,,2748,26,0
TXN00665,2026-08-20 03:59:19,Passport,Android,Neobank,SUCCESS,,2122,60,1
TXN00666,2026-08-17 10:32:04,Aadhaar,Android,Neobank,SUCCESS,,2826,15,1
TXN00667,2026-08-20 10:18:29,Driving License,Android,Crypto Exchange,SUCCESS,,1355,8,0
TXN00668,2026-08-02 10:37:49,PAN,iOS,Neobank,SUCCESS,,1604,10,0
TXN00669,2026-08-23 14:57:17,Passport,iOS,Gaming & Wallets,SUCCESS,,2418,17,0
TXN00670,2026-08-02 12:48:53,Driving License,Android,Fintech Lending,FAILED,API Timeout,13970,61,1
TXN00671,2026-08-08 23:14:30,Aadhaar,iOS,Crypto Exchange,SUCCESS,,923,32,1
TXN00672,2026-08-24 02:28:35,Passport,Android,Gaming & Wallets,SUCCESS,,1411,25,0
TXN00673,2026-08-03 23:33:50,PAN,Web,Crypto Exchange,SUCCESS,,1405,2,1
TXN00674,2026-08-17 18:07:14,Passport,Android,Gaming & Wallets,FAILED,Glare/Reflection,1404,35,1
TXN00675,2026-08-15 19:14:55,Passport,Web,Fintech Lending,SUCCESS,,1300,3,0
TXN00676,2026-08-13 22:38:00,Voter ID,iOS,Gaming & Wallets,SUCCESS,,1961,21,0
TXN00677,2026-08-05 20:34:28,PAN,iOS,Gaming & Wallets,SUCCESS,,1406,52,1
TXN00678,2026-08-22 03:57:59,PAN,iOS,Crypto Exchange,SUCCESS,,1581,20,4
TXN00679,2026-08-29 01:38:38,PAN,Android,Fintech Lending,SUCCESS,,1798,52,0
TXN00680,2026-08-15 15:40:38,PAN,Android,Fintech Lending,SUCCESS,,1398,21,0
TXN00681,2026-08-27 13:57:23,PAN,iOS,Gaming & Wallets,SUCCESS,,3343,14,0
TXN00682,2026-08-26 20:39:46,Voter ID,Web,Crypto Exchange,FAILED,Unsupported Document Format,2309,30,1
TXN00683,2026-08-22 03:15:52,Aadhaar,Android,Crypto Exchange,SUCCESS,,3367,18,1
TXN00684,2026-08-20 16:52:05,Passport,Android,Neobank,SUCCESS,,2588,32,0
TXN00685,2026-08-10 19:20:09,PAN,iOS,Fintech Lending,SUCCESS,,1488,52,0
TXN00686,2026-08-24 14:02:48,Passport,iOS,Fintech Lending,SUCCESS,,1704,5,1
TXN00687,2026-08-20 06:24:58,PAN,Android,Fintech Lending,FAILED,OCR Extraction Error,2158,72,1
TXN00688,2026-08-16 05:08:58,Voter ID,Android,Fintech Lending,SUCCESS,,2171,48,1
TXN00689,2026-08-09 12:04:10,National ID (Intl),Android,Fintech Lending,SUCCESS,,2543,56,0
TXN00690,2026-08-16 08:44:15,PAN,Android,Fintech Lending,SUCCESS,,1958,18,1
TXN00691,2026-08-15 23:02:44,National ID (Intl),Android,Crypto Exchange,SUCCESS,,5866,4,0
TXN00692,2026-08-16 00:19:26,Driving License,Android,Gaming & Wallets,SUCCESS,,2538,16,1
TXN00693,2026-08-13 09:43:05,PAN,Web,Gaming & Wallets,SUCCESS,,841,11,2
TXN00694,2026-08-02 15:28:30,Passport,Web,Gaming & Wallets,SUCCESS,,1960,60,1
TXN00695,2026-08-08 18:48:48,Driving License,Web,Fintech Lending,SUCCESS,,2009,39,1
TXN00696,2026-08-03 12:41:58,Passport,Android,Fintech Lending,SUCCESS,,1420,42,0
TXN00697,2026-08-28 22:51:59,PAN,iOS,Crypto Exchange,SUCCESS,,1306,50,1
TXN00698,2026-08-16 12:07:37,Driving License,Web,Gaming & Wallets,SUCCESS,,2588,12,0
TXN00699,2026-08-05 02:19:54,Voter ID,iOS,Neobank,SUCCESS,,4519,30,0
TXN00700,2026-08-21 19:42:31,Driving License,Android,Gaming & Wallets,SUCCESS,,1264,1,1
TXN00701,2026-08-24 23:43:31,PAN,Web,Gaming & Wallets,SUCCESS,,2341,56,1
TXN00702,2026-08-07 07:41:35,Aadhaar,iOS,Gaming & Wallets,SUCCESS,,1596,53,0
TXN00703,2026-08-08 02:02:08,Driving License,Android,Gaming & Wallets,SUCCESS,,1921,38,0
TXN00704,2026-08-16 16:36:31,PAN,Android,Neobank,FAILED,Glare/Reflection,1509,59,2
TXN00705,2026-08-03 12:42:56,Aadhaar,Android,Fintech Lending,SUCCESS,,1354,20,3
TXN00706,2026-08-29 04:18:58,Driving License,Android,Fintech Lending,SUCCESS,,1351,22,1
TXN00707,2026-08-07 21:12:14,Aadhaar,Android,Gaming & Wallets,SUCCESS,,1962,18,1
TXN00708,2026-08-30 18:07:01,National ID (Intl),Android,Crypto Exchange,FAILED,Unsupported Document Format,3255,26,1
TXN00709,2026-08-27 23:24:28,National ID (Intl),iOS,Neobank,FAILED,API Timeout,8251,38,1
TXN00710,2026-08-02 23:31:32,PAN,Android,Gaming & Wallets,SUCCESS,,1941,47,1
TXN00711,2026-08-09 18:28:41,Aadhaar,Android,Crypto Exchange,FAILED,Liveness Failed,3113,89,1
TXN00712,2026-08-21 05:09:47,Passport,Web,Neobank,FAILED,Glare/Reflection,1995,47,1
TXN00713,2026-08-19 03:13:37,Driving License,iOS,Gaming & Wallets,SUCCESS,,3580,30,0
TXN00714,2026-08-03 03:05:07,Aadhaar,iOS,Crypto Exchange,SUCCESS,,2984,47,4
TXN00715,2026-08-11 06:15:36,Voter ID,iOS,Neobank,FAILED,Unsupported Document Format,1047,14,1
TXN00716,2026-08-09 15:23:51,Passport,Android,Crypto Exchange,SUCCESS,,2619,2,1
TXN00717,2026-08-08 11:34:47,Aadhaar,iOS,Crypto Exchange,SUCCESS,,1978,52,2
TXN00718,2026-08-05 15:58:40,Voter ID,iOS,Crypto Exchange,FAILED,OCR Extraction Error,1892,65,1
TXN00719,2026-08-18 21:01:33,Passport,Android,Gaming & Wallets,SUCCESS,,1865,3,0
TXN00720,2026-08-25 01:05:32,National ID (Intl),iOS,Neobank,SUCCESS,,3521,30,0
TXN00721,2026-08-07 04:53:09,Voter ID,Android,Neobank,SUCCESS,,1703,28,0
TXN00722,2026-08-25 22:10:16,Aadhaar,Android,Fintech Lending,SUCCESS,,1901,43,1
TXN00723,2026-08-25 10:33:19,Driving License,Android,Fintech Lending,SUCCESS,,2614,51,0
TXN00724,2026-08-16 05:46:26,PAN,Android,Crypto Exchange,SUCCESS,,1840,40,1
TXN00725,2026-08-11 05:54:44,PAN,Web,Neobank,SUCCESS,,2906,56,0
TXN00726,2026-08-06 15:56:24,PAN,Android,Gaming & Wallets,SUCCESS,,2376,26,1
TXN00727,2026-08-15 16:47:15,National ID (Intl),iOS,Gaming & Wallets,FAILED,Unsupported Document Format,2474,93,1
TXN00728,2026-08-01 16:09:59,Driving License,Android,Neobank,SUCCESS,,3729,13,1
TXN00729,2026-08-22 03:43:49,Aadhaar,iOS,Neobank,SUCCESS,,3184,6,0
TXN00730,2026-08-06 15:41:03,PAN,Android,Fintech Lending,SUCCESS,,990,32,0
TXN00731,2026-08-15 07:30:12,Voter ID,iOS,Neobank,SUCCESS,,4429,39,1
TXN00732,2026-08-24 14:20:55,National ID (Intl),Android,Gaming & Wallets,SUCCESS,,2693,2,0
TXN00733,2026-08-23 23:28:43,PAN,Android,Gaming & Wallets,SUCCESS,,2460,29,0
TXN00734,2026-08-23 18:42:17,Aadhaar,Android,Neobank,SUCCESS,,1625,59,0
TXN00735,2026-08-07 08:48:38,National ID (Intl),Web,Gaming & Wallets,FAILED,API Timeout,14588,88,2
TXN00736,2026-08-11 01:24:55,Driving License,iOS,Neobank,SUCCESS,,3132,9,0
TXN00737,2026-08-24 23:13:53,Aadhaar,Android,Gaming & Wallets,SUCCESS,,1804,53,1
TXN00738,2026-08-21 21:42:33,PAN,Web,Crypto Exchange,SUCCESS,,1373,32,0
TXN00739,2026-08-28 00:58:41,PAN,Android,Fintech Lending,SUCCESS,,1016,33,0
TXN00740,2026-08-23 04:36:05,Aadhaar,Android,Gaming & Wallets,FAILED,Liveness Failed,3180,18,2
TXN00741,2026-08-10 23:17:32,Aadhaar,Android,Fintech Lending,FAILED,Blurry Image,1597,69,1
TXN00742,2026-08-17 05:50:45,Voter ID,Android,Crypto Exchange,FAILED,Blurry Image,2927,41,1
TXN00743,2026-08-18 12:10:48,Aadhaar,Android,Gaming & Wallets,SUCCESS,,1075,34,0
TXN00744,2026-08-20 20:52:47,Aadhaar,Web,Gaming & Wallets,FAILED,Unsupported Document Format,2060,8,1
TXN00745,2026-08-05 02:46:25,Driving License,iOS,Fintech Lending,SUCCESS,,1541,28,0
TXN00746,2026-08-28 21:24:27,Driving License,iOS,Neobank,SUCCESS,,2632,43,1
TXN00747,2026-08-16 05:28:53,National ID (Intl),Android,Crypto Exchange,FAILED,Blurry Image,2416,23,2
TXN00748,2026-08-17 18:14:46,PAN,Android,Gaming & Wallets,FAILED,Liveness Failed,1860,43,1
TXN00749,2026-08-26 06:23:28,Passport,Android,Neobank,FAILED,Glare/Reflection,1158,71,1
TXN00750,2026-08-12 17:10:52,Passport,Android,Crypto Exchange,FAILED,Glare/Reflection,1819,12,2
TXN00751,2026-08-03 07:36:46,Aadhaar,Android,Fintech Lending,SUCCESS,,3231,37,1
TXN00752,2026-08-18 00:10:20,PAN,Web,Neobank,SUCCESS,,3435,37,0
TXN00753,2026-08-06 02:35:53,Driving License,Android,Neobank,SUCCESS,,2641,24,0
TXN00754,2026-08-04 23:28:31,Aadhaar,Android,Gaming & Wallets,SUCCESS,,1897,14,0
TXN00755,2026-08-13 19:13:31,PAN,Android,Gaming & Wallets,SUCCESS,,2536,11,0
TXN00756,2026-08-25 21:54:15,Aadhaar,iOS,Neobank,SUCCESS,,1493,31,0
TXN00757,2026-08-30 04:54:54,Aadhaar,iOS,Fintech Lending,SUCCESS,,1378,19,0
TXN00758,2026-08-15 17:19:24,Aadhaar,Android,Crypto Exchange,SUCCESS,,2682,60,1
TXN00759,2026-08-01 02:25:48,Voter ID,Android,Gaming & Wallets,SUCCESS,,990,27,0
TXN00760,2026-08-19 07:35:34,PAN,Android,Crypto Exchange,SUCCESS,,2793,49,0
TXN00761,2026-08-08 05:34:38,Passport,iOS,Gaming & Wallets,FAILED,Glare/Reflection,3417,57,1
TXN00762,2026-08-22 12:14:40,Voter ID,Android,Fintech Lending,FAILED,OCR Extraction Error,4232,78,1
TXN00763,2026-08-28 03:41:35,Driving License,Android,Fintech Lending,SUCCESS,,3628,49,0
TXN00764,2026-08-25 09:36:59,Passport,Android,Gaming & Wallets,FAILED,Blurry Image,1188,79,1
TXN00765,2026-08-29 14:06:36,Driving License,iOS,Gaming & Wallets,SUCCESS,,1873,56,0
TXN00766,2026-08-27 07:13:06,PAN,Android,Fintech Lending,SUCCESS,,1499,6,0
TXN00767,2026-08-30 19:54:56,National ID (Intl),iOS,Fintech Lending,FAILED,Name Mismatch,3837,17,1
TXN00768,2026-08-06 20:56:09,PAN,Android,Gaming & Wallets,SUCCESS,,1355,16,0
TXN00769,2026-08-14 01:44:33,Driving License,Android,Fintech Lending,SUCCESS,,1928,31,0
TXN00770,2026-08-14 01:35:37,Passport,Web,Fintech Lending,SUCCESS,,2116,49,0
TXN00771,2026-08-22 15:36:25,Driving License,Android,Gaming & Wallets,SUCCESS,,2213,10,0
TXN00772,2026-08-27 22:47:57,National ID (Intl),iOS,Gaming & Wallets,SUCCESS,,4222,11,0
TXN00773,2026-08-19 10:54:39,National ID (Intl),Android,Crypto Exchange,FAILED,Unsupported Document Format,2733,73,1
TXN00774,2026-08-07 18:42:15,PAN,Android,Fintech Lending,SUCCESS,,1407,52,0
TXN00775,2026-08-22 23:27:17,Driving License,Android,Crypto Exchange,SUCCESS,,2306,14,0
TXN00776,2026-08-01 02:23:07,Passport,Android,Neobank,SUCCESS,,1285,45,1
TXN00777,2026-08-27 03:34:19,Driving License,Android,Fintech Lending,SUCCESS,,3667,44,0
TXN00778,2026-08-19 18:35:51,National ID (Intl),Android,Crypto Exchange,SUCCESS,,5437,1,0
TXN00779,2026-08-11 18:05:25,PAN,Android,Fintech Lending,SUCCESS,,3247,46,0
TXN00780,2026-08-11 17:39:20,Aadhaar,iOS,Crypto Exchange,SUCCESS,,1986,18,0
TXN00781,2026-08-10 12:27:27,Driving License,iOS,Fintech Lending,FAILED,OCR Extraction Error,1446,69,1
TXN00782,2026-08-04 04:09:02,Passport,iOS,Neobank,SUCCESS,,2366,60,0
TXN00783,2026-08-10 07:31:23,Aadhaar,Android,Crypto Exchange,FAILED,Blurry Image,2478,63,1
TXN00784,2026-08-16 16:19:17,PAN,iOS,Fintech Lending,SUCCESS,,2447,24,0
TXN00785,2026-08-14 11:48:55,Aadhaar,iOS,Fintech Lending,SUCCESS,,2055,26,0
TXN00786,2026-08-11 22:52:32,Aadhaar,iOS,Fintech Lending,FAILED,OCR Extraction Error,1421,26,1
TXN00787,2026-08-24 07:12:05,Aadhaar,iOS,Fintech Lending,SUCCESS,,1497,22,1
TXN00788,2026-08-04 12:56:50,Voter ID,Android,Neobank,FAILED,OCR Extraction Error,3051,79,1
TXN00789,2026-08-16 04:59:49,National ID (Intl),Web,Gaming & Wallets,FAILED,Liveness Failed,3594,18,1
TXN00790,2026-08-20 11:59:40,Passport,Android,Gaming & Wallets,SUCCESS,,2433,39,1
TXN00791,2026-08-21 18:46:45,Passport,Android,Gaming & Wallets,FAILED,Name Mismatch,2727,47,1
TXN00792,2026-08-29 18:45:46,Aadhaar,Android,Fintech Lending,SUCCESS,,1298,41,0
TXN00793,2026-08-10 00:36:59,PAN,Android,Gaming & Wallets,SUCCESS,,1635,42,1
TXN00794,2026-08-08 03:44:38,PAN,Web,Neobank,SUCCESS,,2180,1,0
TXN00795,2026-08-25 14:49:24,Passport,Android,Neobank,FAILED,Document Expired,1329,30,1
TXN00796,2026-08-24 02:15:35,Aadhaar,Android,Neobank,SUCCESS,,1571,22,0
TXN00797,2026-08-03 01:09:26,PAN,Android,Gaming & Wallets,SUCCESS,,4015,45,0
TXN00798,2026-08-19 05:58:08,Passport,Android,Crypto Exchange,SUCCESS,,1828,2,0
TXN00799,2026-08-03 03:09:10,Aadhaar,Android,Crypto Exchange,FAILED,Blurry Image,1692,38,2
TXN00800,2026-08-10 12:20:31,PAN,iOS,Neobank,SUCCESS,,1419,8,0
TXN00801,2026-08-19 01:49:10,Aadhaar,Android,Crypto Exchange,SUCCESS,,2487,25,0
TXN00802,2026-08-03 05:49:16,PAN,Android,Neobank,SUCCESS,,2864,19,1
TXN00803,2026-08-07 03:20:05,PAN,Android,Crypto Exchange,FAILED,Unsupported Document Format,2678,15,2
TXN00804,2026-08-25 16:34:40,Driving License,iOS,Neobank,SUCCESS,,1708,12,0
TXN00805,2026-08-23 23:58:05,PAN,iOS,Gaming & Wallets,SUCCESS,,939,38,0
TXN00806,2026-08-12 09:04:40,Aadhaar,Web,Gaming & Wallets,SUCCESS,,3883,24,0
TXN00807,2026-08-22 13:53:10,Aadhaar,iOS,Crypto Exchange,SUCCESS,,2020,29,0
TXN00808,2026-08-14 06:05:26,PAN,Web,Crypto Exchange,SUCCESS,,1554,42,0
TXN00809,2026-08-14 10:03:30,Voter ID,Android,Fintech Lending,FAILED,Blurry Image,1597,47,1
TXN00810,2026-08-10 06:06:52,Driving License,iOS,Crypto Exchange,SUCCESS,,3577,59,0
TXN00811,2026-08-20 14:28:26,Driving License,Android,Crypto Exchange,FAILED,Liveness Failed,1106,31,1
TXN00812,2026-08-23 09:34:16,PAN,iOS,Gaming & Wallets,SUCCESS,,956,27,0
TXN00813,2026-08-07 17:53:19,PAN,iOS,Crypto Exchange,SUCCESS,,2708,27,0
TXN00814,2026-08-16 19:54:36,Driving License,iOS,Crypto Exchange,SUCCESS,,2083,9,0
TXN00815,2026-08-19 12:16:05,National ID (Intl),Android,Gaming & Wallets,SUCCESS,,2776,13,0
TXN00816,2026-08-05 12:38:03,PAN,Web,Crypto Exchange,SUCCESS,,2270,53,0
TXN00817,2026-08-19 17:35:57,PAN,Android,Fintech Lending,SUCCESS,,1247,5,0
TXN00818,2026-08-20 22:41:16,PAN,Android,Crypto Exchange,SUCCESS,,1651,25,2
TXN00819,2026-08-16 00:53:35,Voter ID,Android,Neobank,SUCCESS,,2539,39,0
TXN00820,2026-08-14 08:54:43,PAN,Android,Gaming & Wallets,SUCCESS,,3401,53,0
TXN00821,2026-08-23 08:10:37,Driving License,Android,Gaming & Wallets,SUCCESS,,5902,23,1
TXN00822,2026-08-21 03:34:17,Driving License,Android,Neobank,SUCCESS,,1504,12,0
TXN00823,2026-08-12 15:15:54,Aadhaar,iOS,Fintech Lending,SUCCESS,,2138,5,0
TXN00824,2026-08-20 23:10:25,Driving License,Android,Gaming & Wallets,FAILED,OCR Extraction Error,1651,37,1
TXN00825,2026-08-19 12:04:42,Aadhaar,Android,Gaming & Wallets,SUCCESS,,1853,3,0
TXN00826,2026-08-23 12:53:06,Aadhaar,Web,Crypto Exchange,SUCCESS,,1125,16,1
TXN00827,2026-08-08 20:00:20,PAN,Android,Crypto Exchange,SUCCESS,,1532,26,0
TXN00828,2026-08-08 10:50:10,Driving License,Android,Crypto Exchange,SUCCESS,,1015,58,0
TXN00829,2026-08-19 23:06:12,Aadhaar,iOS,Fintech Lending,SUCCESS,,1837,4,1
TXN00830,2026-08-12 13:55:10,Driving License,Web,Crypto Exchange,SUCCESS,,2242,57,0
TXN00831,2026-08-03 03:16:41,Voter ID,iOS,Neobank,SUCCESS,,1407,36,0
TXN00832,2026-08-21 18:31:00,Passport,Web,Gaming & Wallets,SUCCESS,,1529,12,0
TXN00833,2026-08-23 06:30:45,Passport,Android,Neobank,SUCCESS,,2278,40,0
TXN00834,2026-08-30 01:43:59,Aadhaar,Android,Crypto Exchange,SUCCESS,,2112,7,0
TXN00835,2026-08-17 02:51:44,National ID (Intl),iOS,Neobank,SUCCESS,,5287,55,0
TXN00836,2026-08-19 13:29:41,Aadhaar,Android,Gaming & Wallets,SUCCESS,,2676,46,3
TXN00837,2026-08-15 23:50:05,Aadhaar,iOS,Fintech Lending,SUCCESS,,1887,6,0
TXN00838,2026-08-19 05:46:41,PAN,Android,Neobank,SUCCESS,,5931,48,1
TXN00839,2026-08-26 06:51:39,Aadhaar,Android,Fintech Lending,SUCCESS,,1521,49,0
TXN00840,2026-08-10 23:47:40,Voter ID,Android,Neobank,SUCCESS,,4141,16,1
TXN00841,2026-08-26 07:33:31,Driving License,Android,Gaming & Wallets,SUCCESS,,1929,56,0
TXN00842,2026-08-10 21:56:00,National ID (Intl),Android,Neobank,SUCCESS,,2070,51,2
TXN00843,2026-08-16 02:52:50,Aadhaar,Android,Gaming & Wallets,SUCCESS,,1457,39,0
TXN00844,2026-08-14 04:44:26,Aadhaar,Android,Neobank,SUCCESS,,1586,24,0
TXN00845,2026-08-08 13:36:41,Aadhaar,Android,Gaming & Wallets,SUCCESS,,1226,49,1
TXN00846,2026-08-13 11:45:59,PAN,Android,Neobank,SUCCESS,,1698,36,0
TXN00847,2026-08-10 12:01:31,Aadhaar,Android,Gaming & Wallets,SUCCESS,,2001,32,0
TXN00848,2026-08-19 15:26:09,PAN,Android,Crypto Exchange,SUCCESS,,2454,27,1
TXN00849,2026-08-10 10:17:32,National ID (Intl),Android,Neobank,FAILED,Unsupported Document Format,6158,49,1
TXN00850,2026-08-19 16:56:44,PAN,iOS,Fintech Lending,SUCCESS,,2408,3,2
TXN00851,2026-08-08 04:17:51,PAN,iOS,Fintech Lending,SUCCESS,,1837,17,0
TXN00852,2026-08-01 14:22:26,Passport,iOS,Neobank,SUCCESS,,1577,58,0
TXN00853,2026-08-21 17:20:28,Voter ID,Web,Neobank,SUCCESS,,2331,20,1
TXN00854,2026-08-06 07:18:48,Driving License,Web,Fintech Lending,SUCCESS,,2574,10,0
TXN00855,2026-08-01 07:28:48,Aadhaar,iOS,Crypto Exchange,FAILED,Liveness Failed,2560,88,1
TXN00856,2026-08-07 12:30:29,PAN,Android,Neobank,SUCCESS,,1703,12,0
TXN00857,2026-08-13 14:10:00,Driving License,Web,Neobank,FAILED,API Timeout,8764,86,1
TXN00858,2026-08-04 02:52:16,Aadhaar,Android,Crypto Exchange,SUCCESS,,2205,44,1
TXN00859,2026-08-29 06:35:53,Aadhaar,Android,Fintech Lending,SUCCESS,,2645,34,3
TXN00860,2026-08-17 08:40:06,Driving License,Web,Gaming & Wallets,SUCCESS,,1467,22,4
TXN00861,2026-08-19 08:54:34,Driving License,Web,Gaming & Wallets,SUCCESS,,2898,54,1
TXN00862,2026-08-13 01:34:02,Aadhaar,iOS,Crypto Exchange,SUCCESS,,2460,31,0
TXN00863,2026-08-01 19:22:32,Driving License,Android,Crypto Exchange,SUCCESS,,3101,15,0
TXN00864,2026-08-17 21:50:18,PAN,iOS,Fintech Lending,SUCCESS,,1713,10,1
TXN00865,2026-08-07 04:58:09,Voter ID,iOS,Fintech Lending,SUCCESS,,1648,8,0
TXN00866,2026-08-05 08:11:44,Passport,Android,Neobank,SUCCESS,,2929,25,1
TXN00867,2026-08-06 23:25:10,Aadhaar,Android,Gaming & Wallets,SUCCESS,,3994,32,0
TXN00868,2026-08-17 15:53:13,Driving License,Web,Fintech Lending,SUCCESS,,3276,25,0
TXN00869,2026-08-12 07:53:34,Driving License,Web,Gaming & Wallets,SUCCESS,,1387,55,0
TXN00870,2026-08-04 00:06:04,PAN,iOS,Crypto Exchange,SUCCESS,,1473,28,0
TXN00871,2026-08-26 05:33:15,PAN,iOS,Neobank,SUCCESS,,2123,1,0
TXN00872,2026-08-11 15:02:30,PAN,Android,Crypto Exchange,SUCCESS,,1869,10,1
TXN00873,2026-08-30 01:44:46,Voter ID,Web,Fintech Lending,SUCCESS,,2007,18,4
TXN00874,2026-08-25 00:44:47,Driving License,Android,Neobank,SUCCESS,,2489,46,0
TXN00875,2026-08-09 16:34:25,Driving License,Web,Fintech Lending,FAILED,Liveness Failed,1040,25,4
TXN00876,2026-08-17 21:48:26,Passport,Android,Gaming & Wallets,FAILED,Glare/Reflection,2045,94,3
TXN00877,2026-08-07 08:30:37,Driving License,Android,Fintech Lending,SUCCESS,,1421,37,0
TXN00878,2026-08-11 04:23:43,Driving License,Android,Neobank,SUCCESS,,3510,1,0
TXN00879,2026-08-19 06:43:09,Voter ID,Android,Neobank,FAILED,OCR Extraction Error,2270,9,1
TXN00880,2026-08-19 05:20:22,PAN,Android,Neobank,SUCCESS,,1262,53,0
TXN00881,2026-08-01 13:31:04,Aadhaar,iOS,Crypto Exchange,SUCCESS,,1223,43,1
TXN00882,2026-08-14 06:54:45,Aadhaar,iOS,Gaming & Wallets,SUCCESS,,1098,25,0
TXN00883,2026-08-05 19:51:26,Passport,Android,Neobank,SUCCESS,,5072,35,0
TXN00884,2026-08-04 02:29:08,Driving License,Android,Gaming & Wallets,SUCCESS,,2386,51,0
TXN00885,2026-08-09 18:29:20,Driving License,Android,Fintech Lending,FAILED,OCR Extraction Error,1167,45,1
TXN00886,2026-08-05 06:19:07,Aadhaar,Android,Neobank,SUCCESS,,3581,24,2
TXN00887,2026-08-13 01:20:01,Aadhaar,Web,Fintech Lending,SUCCESS,,3489,51,0
TXN00888,2026-08-16 04:35:48,Passport,Android,Gaming & Wallets,SUCCESS,,3135,35,0
TXN00889,2026-08-12 12:14:30,Driving License,iOS,Fintech Lending,SUCCESS,,1640,36,0
TXN00890,2026-08-04 14:38:07,PAN,Android,Gaming & Wallets,SUCCESS,,1325,11,0
TXN00891,2026-08-07 22:53:28,Aadhaar,Android,Gaming & Wallets,SUCCESS,,1489,43,0
TXN00892,2026-08-16 08:35:11,PAN,Android,Neobank,FAILED,Document Expired,1189,13,1
TXN00893,2026-08-08 02:29:10,Aadhaar,Web,Crypto Exchange,FAILED,Name Mismatch,1245,33,1
TXN00894,2026-08-26 13:23:19,Aadhaar,Web,Neobank,SUCCESS,,1042,32,0
TXN00895,2026-08-27 18:35:35,PAN,iOS,Crypto Exchange,SUCCESS,,1286,12,0
TXN00896,2026-08-24 03:35:03,Driving License,Web,Gaming & Wallets,SUCCESS,,1259,46,0
TXN00897,2026-08-03 13:35:30,Aadhaar,Android,Crypto Exchange,FAILED,OCR Extraction Error,1407,91,1
TXN00898,2026-08-23 18:02:06,Driving License,Android,Crypto Exchange,SUCCESS,,1579,46,1
TXN00899,2026-08-15 20:07:17,Driving License,Android,Fintech Lending,SUCCESS,,1765,6,0
TXN00900,2026-08-05 02:32:55,Aadhaar,Android,Fintech Lending,SUCCESS,,2130,56,0
TXN00901,2026-08-24 06:50:22,National ID (Intl),iOS,Neobank,SUCCESS,,4509,35,0
TXN00902,2026-08-21 15:08:10,PAN,iOS,Fintech Lending,SUCCESS,,2436,48,0
TXN00903,2026-08-30 11:38:29,National ID (Intl),Web,Fintech Lending,SUCCESS,,2348,9,0
TXN00904,2026-08-09 06:37:41,National ID (Intl),Android,Gaming & Wallets,SUCCESS,,2307,50,1
TXN00905,2026-08-11 08:14:23,Aadhaar,Android,Crypto Exchange,SUCCESS,,2275,60,0
TXN00906,2026-08-23 11:30:01,National ID (Intl),iOS,Fintech Lending,FAILED,Unsupported Document Format,3090,18,1
TXN00907,2026-08-01 10:19:37,Voter ID,Android,Crypto Exchange,SUCCESS,,1987,33,1
TXN00908,2026-08-08 13:19:21,PAN,Web,Fintech Lending,SUCCESS,,1505,24,0
TXN00909,2026-08-06 06:38:19,PAN,Android,Crypto Exchange,FAILED,Liveness Failed,1915,60,1
TXN00910,2026-08-10 04:51:41,Voter ID,iOS,Fintech Lending,SUCCESS,,1366,22,1
TXN00911,2026-08-13 21:40:44,Aadhaar,Android,Gaming & Wallets,SUCCESS,,1972,44,1
TXN00912,2026-08-25 08:42:27,PAN,iOS,Gaming & Wallets,SUCCESS,,4596,9,0
TXN00913,2026-08-17 16:55:46,Aadhaar,Android,Neobank,SUCCESS,,2465,44,1
TXN00914,2026-08-22 02:01:45,PAN,iOS,Fintech Lending,SUCCESS,,1732,28,0
TXN00915,2026-08-14 15:33:01,Aadhaar,Android,Neobank,SUCCESS,,857,13,0
TXN00916,2026-08-10 03:48:55,Driving License,Android,Neobank,FAILED,Face Match Failed,2218,21,1
TXN00917,2026-08-21 16:40:44,Aadhaar,Android,Neobank,SUCCESS,,1717,45,0
TXN00918,2026-08-03 23:28:39,Aadhaar,Android,Gaming & Wallets,SUCCESS,,2262,18,0
TXN00919,2026-08-16 12:38:29,National ID (Intl),iOS,Neobank,FAILED,Name Mismatch,2752,40,2
TXN00920,2026-08-18 15:36:10,Aadhaar,Android,Gaming & Wallets,SUCCESS,,987,44,0
TXN00921,2026-08-29 14:07:52,Voter ID,Android,Crypto Exchange,SUCCESS,,1602,14,0
TXN00922,2026-08-02 23:48:49,Aadhaar,Android,Fintech Lending,SUCCESS,,4088,13,0
TXN00923,2026-08-15 15:14:43,PAN,Android,Crypto Exchange,SUCCESS,,2295,13,0
TXN00924,2026-08-18 18:26:05,Driving License,Web,Crypto Exchange,SUCCESS,,1278,60,2
TXN00925,2026-08-07 06:13:09,Driving License,Android,Crypto Exchange,SUCCESS,,2904,35,1
TXN00926,2026-08-28 07:21:30,National ID (Intl),Android,Gaming & Wallets,FAILED,OCR Extraction Error,2702,25,1
TXN00927,2026-08-25 10:59:24,Passport,Android,Gaming & Wallets,SUCCESS,,2041,15,0
TXN00928,2026-08-03 05:08:32,Aadhaar,Android,Neobank,SUCCESS,,1412,57,0
TXN00929,2026-08-13 02:06:55,Aadhaar,Web,Fintech Lending,FAILED,Glare/Reflection,1037,85,1
TXN00930,2026-08-07 11:40:07,PAN,Android,Crypto Exchange,SUCCESS,,2206,4,0
TXN00931,2026-08-09 13:54:41,Aadhaar,Android,Crypto Exchange,SUCCESS,,2392,45,0
TXN00932,2026-08-22 11:10:57,Passport,Web,Neobank,SUCCESS,,1433,52,1
TXN00933,2026-08-18 21:29:48,PAN,Android,Gaming & Wallets,SUCCESS,,1948,30,0
TXN00934,2026-08-09 18:11:20,Voter ID,Android,Gaming & Wallets,SUCCESS,,1451,39,0
TXN00935,2026-08-20 12:57:05,Aadhaar,Android,Gaming & Wallets,SUCCESS,,2119,52,0
TXN00936,2026-08-01 15:47:21,Aadhaar,Android,Fintech Lending,SUCCESS,,2187,16,1
TXN00937,2026-08-01 10:56:50,Aadhaar,Web,Fintech Lending,FAILED,Blurry Image,2475,95,1
TXN00938,2026-08-08 22:04:37,Aadhaar,iOS,Gaming & Wallets,SUCCESS,,1965,35,0
TXN00939,2026-08-05 23:47:18,Passport,Android,Fintech Lending,SUCCESS,,1613,25,0
TXN00940,2026-08-06 10:57:56,Passport,Android,Gaming & Wallets,SUCCESS,,2926,5,0
TXN00941,2026-08-03 02:30:09,Aadhaar,Web,Fintech Lending,SUCCESS,,1323,39,0
TXN00942,2026-08-14 22:23:08,PAN,Web,Crypto Exchange,SUCCESS,,3813,5,1
TXN00943,2026-08-16 13:07:31,Voter ID,Web,Neobank,SUCCESS,,1706,31,1
TXN00944,2026-08-08 00:33:00,Aadhaar,Android,Crypto Exchange,SUCCESS,,1805,28,0
TXN00945,2026-08-07 17:02:22,National ID (Intl),iOS,Crypto Exchange,FAILED,Liveness Failed,2459,68,1
TXN00946,2026-08-19 16:07:23,PAN,Android,Neobank,SUCCESS,,2624,50,0
TXN00947,2026-08-18 13:25:19,Driving License,iOS,Neobank,SUCCESS,,4568,59,0
TXN00948,2026-08-15 07:20:50,Voter ID,Android,Neobank,SUCCESS,,3130,60,2
TXN00949,2026-08-07 16:33:00,Aadhaar,Web,Fintech Lending,SUCCESS,,2292,47,0
TXN00950,2026-08-29 05:37:16,National ID (Intl),Android,Fintech Lending,SUCCESS,,2049,6,0
TXN00951,2026-08-08 06:25:59,Aadhaar,Web,Gaming & Wallets,SUCCESS,,1956,34,0
TXN00952,2026-08-22 13:16:00,Aadhaar,Android,Crypto Exchange,SUCCESS,,2355,10,0
TXN00953,2026-08-25 10:22:54,Passport,iOS,Neobank,SUCCESS,,1793,57,0
TXN00954,2026-08-12 00:50:27,Driving License,Android,Crypto Exchange,SUCCESS,,3586,9,1
TXN00955,2026-08-09 22:01:07,PAN,Android,Gaming & Wallets,FAILED,Unsupported Document Format,2139,93,1
TXN00956,2026-08-09 00:02:03,PAN,iOS,Gaming & Wallets,SUCCESS,,1747,18,0
TXN00957,2026-08-02 08:40:45,Aadhaar,iOS,Crypto Exchange,SUCCESS,,1593,14,0
TXN00958,2026-08-02 13:42:36,Driving License,Android,Neobank,SUCCESS,,1119,3,0
TXN00959,2026-08-05 12:35:54,Driving License,Android,Crypto Exchange,FAILED,Blurry Image,1772,55,1
TXN00960,2026-08-07 06:53:53,PAN,Android,Crypto Exchange,SUCCESS,,1328,48,0
TXN00961,2026-08-29 12:06:32,PAN,iOS,Fintech Lending,SUCCESS,,1798,3,0
TXN00962,2026-08-12 05:47:55,Aadhaar,Android,Fintech Lending,FAILED,Liveness Failed,2982,25,4
TXN00963,2026-08-22 17:21:08,PAN,Web,Crypto Exchange,SUCCESS,,1717,55,2
TXN00964,2026-08-12 14:35:02,Aadhaar,iOS,Gaming & Wallets,SUCCESS,,2146,10,0
TXN00965,2026-08-07 22:10:02,National ID (Intl),Android,Fintech Lending,FAILED,Face Match Failed,5133,63,1
TXN00966,2026-08-28 23:41:05,National ID (Intl),Android,Crypto Exchange,SUCCESS,,2367,50,0
TXN00967,2026-08-07 19:37:58,National ID (Intl),Web,Gaming & Wallets,FAILED,Unsupported Document Format,3161,41,1
TXN00968,2026-08-22 09:36:05,Voter ID,Web,Neobank,SUCCESS,,1573,33,0
TXN00969,2026-08-03 18:28:41,Voter ID,Web,Fintech Lending,FAILED,Face Match Failed,2694,25,1
TXN00970,2026-08-05 12:56:20,Voter ID,Android,Gaming & Wallets,SUCCESS,,1918,53,0
TXN00971,2026-08-22 00:36:53,Aadhaar,iOS,Gaming & Wallets,SUCCESS,,1718,39,0
TXN00972,2026-08-23 01:37:21,Driving License,Android,Crypto Exchange,SUCCESS,,1352,41,0
TXN00973,2026-08-04 00:42:05,Passport,Web,Gaming & Wallets,FAILED,Glare/Reflection,1845,11,1
TXN00974,2026-08-14 02:23:45,Aadhaar,iOS,Gaming & Wallets,SUCCESS,,1593,18,0
TXN00975,2026-08-26 11:24:38,Aadhaar,iOS,Gaming & Wallets,SUCCESS,,2668,4,0
TXN00976,2026-08-08 23:41:42,Voter ID,Android,Crypto Exchange,SUCCESS,,3333,35,0
TXN00977,2026-08-28 16:28:02,Aadhaar,iOS,Crypto Exchange,SUCCESS,,2128,43,0
TXN00978,2026-08-01 16:31:43,Aadhaar,iOS,Crypto Exchange,SUCCESS,,1940,56,0
TXN00979,2026-08-26 06:38:59,Driving License,iOS,Crypto Exchange,SUCCESS,,3592,41,2
TXN00980,2026-08-21 09:32:26,Aadhaar,Android,Neobank,SUCCESS,,3019,14,0
TXN00981,2026-08-18 23:22:47,National ID (Intl),Web,Fintech Lending,FAILED,Blurry Image,5158,20,2
TXN00982,2026-08-18 01:47:38,Passport,Android,Gaming & Wallets,SUCCESS,,2107,49,0
TXN00983,2026-08-09 14:05:52,National ID (Intl),Android,Crypto Exchange,FAILED,Glare/Reflection,3029,89,1
TXN00984,2026-08-05 06:05:05,PAN,Android,Fintech Lending,SUCCESS,,1013,40,2
TXN00985,2026-08-22 13:25:04,Aadhaar,iOS,Fintech Lending,SUCCESS,,3472,55,0
TXN00986,2026-08-06 13:24:12,Aadhaar,Android,Gaming & Wallets,SUCCESS,,1956,51,2
TXN00987,2026-08-01 08:51:38,PAN,Web,Gaming & Wallets,FAILED,API Timeout,12610,44,2
TXN00988,2026-08-01 04:50:38,Driving License,Android,Neobank,FAILED,Glare/Reflection,1324,81,1
TXN00989,2026-08-12 17:45:13,Aadhaar,iOS,Gaming & Wallets,SUCCESS,,1685,26,1
TXN00990,2026-08-19 22:51:45,Driving License,iOS,Neobank,FAILED,Document Expired,3303,60,1
TXN00991,2026-08-29 00:10:35,Driving License,Android,Fintech Lending,FAILED,API Timeout,11870,46,1
TXN00992,2026-08-02 08:24:38,Aadhaar,Android,Neobank,SUCCESS,,5167,37,0
TXN00993,2026-08-18 09:14:29,Driving License,Android,Gaming & Wallets,SUCCESS,,2247,13,0
TXN00994,2026-08-13 15:28:51,Aadhaar,iOS,Gaming & Wallets,SUCCESS,,2469,38,1
TXN00995,2026-08-06 04:45:12,Aadhaar,Web,Fintech Lending,SUCCESS,,1678,5,0
TXN00996,2026-08-05 21:17:27,PAN,Web,Gaming & Wallets,SUCCESS,,2392,21,0
TXN00997,2026-08-01 11:48:51,PAN,Android,Crypto Exchange,FAILED,Liveness Failed,3437,20,4
TXN00998,2026-08-08 16:32:08,National ID (Intl),Android,Fintech Lending,SUCCESS,,2703,39,0
TXN00999,2026-08-11 12:00:55,Aadhaar,Android,Neobank,SUCCESS,,1487,21,0
TXN01000,2026-08-13 23:45:56,Aadhaar,iOS,Neobank,SUCCESS,,1637,46,0
TXN01001,2026-08-22 04:02:56,Aadhaar,iOS,Gaming & Wallets,SUCCESS,,1854,12,0
TXN01002,2026-08-05 23:52:51,Voter ID,iOS,Gaming & Wallets,SUCCESS,,2520,51,0
TXN01003,2026-08-21 13:41:23,Driving License,Android,Gaming & Wallets,SUCCESS,,1633,7,0
TXN01004,2026-08-04 02:52:32,PAN,iOS,Crypto Exchange,SUCCESS,,1554,39,1
TXN01005,2026-08-20 08:03:39,Passport,Web,Crypto Exchange,SUCCESS,,1504,51,0
TXN01006,2026-08-19 01:22:11,Aadhaar,Android,Crypto Exchange,SUCCESS,,2978,14,0
TXN01007,2026-08-19 17:14:45,Driving License,Web,Fintech Lending,SUCCESS,,1602,36,0
TXN01008,2026-08-28 20:41:54,Passport,Web,Fintech Lending,FAILED,Name Mismatch,2503,45,1
TXN01009,2026-08-14 07:43:01,Aadhaar,Android,Fintech Lending,SUCCESS,,1521,21,0
TXN01010,2026-08-28 22:48:27,Aadhaar,Android,Fintech Lending,FAILED,API Timeout,10819,73,3
TXN01011,2026-08-23 19:27:55,Aadhaar,iOS,Fintech Lending,SUCCESS,,3851,18,0
TXN01012,2026-08-24 23:20:25,PAN,Android,Crypto Exchange,SUCCESS,,1618,30,0
TXN01013,2026-08-30 23:59:43,Passport,Web,Crypto Exchange,SUCCESS,,4389,15,0
TXN01014,2026-08-27 02:18:03,Aadhaar,Web,Crypto Exchange,FAILED,Unsupported Document Format,2693,10,1
TXN01015,2026-08-30 17:54:22,National ID (Intl),Android,Crypto Exchange,FAILED,Face Match Failed,3384,45,2
TXN01016,2026-08-22 16:32:10,Driving License,Web,Gaming & Wallets,SUCCESS,,2032,31,0
TXN01017,2026-08-11 23:06:41,National ID (Intl),Android,Gaming & Wallets,SUCCESS,,5562,23,0
TXN01018,2026-08-04 18:53:45,Voter ID,iOS,Neobank,SUCCESS,,1989,43,0
TXN01019,2026-08-17 12:39:11,Driving License,Android,Fintech Lending,SUCCESS,,2241,55,0
TXN01020,2026-08-25 11:47:54,National ID (Intl),iOS,Neobank,SUCCESS,,2820,40,0
TXN01021,2026-08-21 12:56:24,Driving License,Android,Crypto Exchange,SUCCESS,,820,42,0
TXN01022,2026-08-12 16:16:32,PAN,Android,Fintech Lending,SUCCESS,,1935,31,0
TXN01023,2026-08-18 04:56:13,PAN,Android,Fintech Lending,SUCCESS,,1311,33,0
TXN01024,2026-08-19 13:40:15,PAN,Android,Fintech Lending,SUCCESS,,1870,26,0
TXN01025,2026-08-06 07:12:33,Aadhaar,iOS,Gaming & Wallets,SUCCESS,,1366,5,0
TXN01026,2026-08-20 00:36:21,Aadhaar,Web,Gaming & Wallets,SUCCESS,,2509,11,1
TXN01027,2026-08-01 03:37:11,PAN,Android,Crypto Exchange,SUCCESS,,2011,31,1
TXN01028,2026-08-16 07:07:57,Voter ID,iOS,Neobank,SUCCESS,,1480,30,0
TXN01029,2026-08-02 00:15:54,Aadhaar,Android,Crypto Exchange,SUCCESS,,1713,44,1
TXN01030,2026-08-29 07:25:45,Aadhaar,Android,Gaming & Wallets,SUCCESS,,3056,3,1
TXN01031,2026-08-26 11:58:58,Passport,Web,Neobank,SUCCESS,,3949,7,0
TXN01032,2026-08-27 11:48:14,Driving License,Android,Crypto Exchange,SUCCESS,,1972,1,1
TXN01033,2026-08-06 11:22:34,PAN,Android,Gaming & Wallets,SUCCESS,,2063,10,3
TXN01034,2026-08-18 08:09:41,Voter ID,iOS,Neobank,SUCCESS,,1104,28,0
TXN01035,2026-08-06 05:44:58,Driving License,Android,Gaming & Wallets,FAILED,API Timeout,11688,38,3
TXN01036,2026-08-14 09:51:04,PAN,Android,Gaming & Wallets,SUCCESS,,1125,22,1
TXN01037,2026-08-15 00:01:13,Aadhaar,iOS,Crypto Exchange,SUCCESS,,1028,34,2
TXN01038,2026-08-24 15:11:31,Passport,iOS,Crypto Exchange,SUCCESS,,1360,38,0
TXN01039,2026-08-01 00:44:51,PAN,Android,Crypto Exchange,SUCCESS,,2818,50,0
TXN01040,2026-08-10 13:12:14,National ID (Intl),iOS,Neobank,SUCCESS,,4555,3,0
TXN01041,2026-08-21 12:19:18,PAN,Web,Gaming & Wallets,SUCCESS,,3737,12,0
TXN01042,2026-08-10 16:26:31,Driving License,Android,Neobank,SUCCESS,,1876,20,0
TXN01043,2026-08-19 06:01:55,Passport,iOS,Neobank,SUCCESS,,2494,34,0
TXN01044,2026-08-23 17:42:03,PAN,Web,Crypto Exchange,SUCCESS,,1186,30,0
TXN01045,2026-08-05 07:01:38,Passport,Web,Gaming & Wallets,FAILED,Face Match Failed,1708,70,1
TXN01046,2026-08-03 14:22:26,Passport,Web,Crypto Exchange,FAILED,Name Mismatch,1948,12,1
TXN01047,2026-08-15 02:32:47,National ID (Intl),Android,Fintech Lending,SUCCESS,,7430,8,1
TXN01048,2026-08-10 22:55:02,Driving License,iOS,Fintech Lending,SUCCESS,,6239,9,0
TXN01049,2026-08-16 02:12:50,Driving License,Web,Crypto Exchange,SUCCESS,,2192,5,0
TXN01050,2026-08-13 00:00:57,Passport,Android,Fintech Lending,SUCCESS,,1818,29,0
TXN01051,2026-08-09 22:25:36,National ID (Intl),Android,Gaming & Wallets,FAILED,Unsupported Document Format,3741,92,1
TXN01052,2026-08-02 01:13:59,Passport,Android,Neobank,SUCCESS,,3492,11,0
TXN01053,2026-08-15 01:54:59,Driving License,Android,Gaming & Wallets,SUCCESS,,1114,24,0
TXN01054,2026-08-23 12:33:24,PAN,iOS,Fintech Lending,SUCCESS,,1907,30,0
TXN01055,2026-08-22 13:51:21,PAN,iOS,Fintech Lending,SUCCESS,,1863,18,0
TXN01056,2026-08-17 22:25:16,Aadhaar,Android,Neobank,FAILED,OCR Extraction Error,2017,24,1
TXN01057,2026-08-14 12:17:23,Driving License,Android,Neobank,SUCCESS,,1539,39,0
TXN01058,2026-08-07 06:47:15,Passport,Web,Crypto Exchange,SUCCESS,,2269,38,0
TXN01059,2026-08-12 05:57:18,PAN,Android,Neobank,SUCCESS,,1883,50,1
TXN01060,2026-08-19 15:29:22,Driving License,Android,Neobank,SUCCESS,,1898,40,0
TXN01061,2026-08-19 04:07:00,Aadhaar,iOS,Gaming & Wallets,SUCCESS,,1399,25,0
TXN01062,2026-08-13 06:10:40,Passport,iOS,Neobank,SUCCESS,,2295,48,0
TXN01063,2026-08-05 04:13:06,Driving License,Web,Neobank,SUCCESS,,2524,14,0
TXN01064,2026-08-28 14:06:42,Aadhaar,Android,Gaming & Wallets,SUCCESS,,1457,47,2
TXN01065,2026-08-11 01:43:32,Driving License,Android,Neobank,SUCCESS,,1950,40,1
TXN01066,2026-08-21 18:05:14,Voter ID,Web,Gaming & Wallets,SUCCESS,,3364,9,1
TXN01067,2026-08-03 11:58:38,Aadhaar,Android,Neobank,SUCCESS,,1753,19,2
TXN01068,2026-08-08 15:55:25,Aadhaar,iOS,Fintech Lending,FAILED,Blurry Image,2719,83,1
TXN01069,2026-08-29 06:58:45,PAN,Android,Fintech Lending,SUCCESS,,2807,2,0
TXN01070,2026-08-07 18:16:58,PAN,Android,Fintech Lending,SUCCESS,,2653,49,0
TXN01071,2026-08-28 08:56:24,Voter ID,Android,Fintech Lending,FAILED,Liveness Failed,2326,15,2
TXN01072,2026-08-06 01:14:24,PAN,Android,Fintech Lending,SUCCESS,,2024,28,0
TXN01073,2026-08-02 00:58:59,Driving License,Web,Neobank,FAILED,Blurry Image,2466,82,2
TXN01074,2026-08-03 12:44:52,Driving License,iOS,Gaming & Wallets,SUCCESS,,1836,45,0
TXN01075,2026-08-18 01:51:50,Aadhaar,Android,Crypto Exchange,SUCCESS,,1918,15,0
TXN01076,2026-08-01 17:21:29,Aadhaar,Android,Fintech Lending,FAILED,Blurry Image,1898,45,1
TXN01077,2026-08-07 07:07:49,Passport,Android,Crypto Exchange,SUCCESS,,1969,5,0
TXN01078,2026-08-11 16:39:11,National ID (Intl),Android,Crypto Exchange,SUCCESS,,2651,36,0
TXN01079,2026-08-16 11:29:51,Passport,Android,Crypto Exchange,FAILED,Face Match Failed,2769,40,1
TXN01080,2026-08-15 19:16:47,Voter ID,Web,Neobank,FAILED,Name Mismatch,1316,23,1
TXN01081,2026-08-06 13:05:51,Aadhaar,Android,Gaming & Wallets,SUCCESS,,2635,38,0
TXN01082,2026-08-30 14:24:27,Voter ID,Android,Crypto Exchange,SUCCESS,,1251,29,0
TXN01083,2026-08-26 20:23:53,Aadhaar,Android,Gaming & Wallets,SUCCESS,,1548,23,2
TXN01084,2026-08-13 17:52:22,Voter ID,iOS,Crypto Exchange,FAILED,Liveness Failed,2525,84,1
TXN01085,2026-08-06 07:14:20,PAN,iOS,Fintech Lending,SUCCESS,,2071,47,0
TXN01086,2026-08-23 16:28:54,PAN,Android,Gaming & Wallets,SUCCESS,,1438,22,0
TXN01087,2026-08-13 03:52:08,Aadhaar,Android,Crypto Exchange,SUCCESS,,3213,8,0
TXN01088,2026-08-22 13:04:28,Driving License,Web,Neobank,SUCCESS,,1867,23,0
TXN01089,2026-08-29 03:14:54,Voter ID,Android,Fintech Lending,FAILED,Document Expired,2200,13,1
TXN01090,2026-08-25 00:38:02,Aadhaar,iOS,Crypto Exchange,SUCCESS,,2190,40,0
TXN01091,2026-08-25 14:22:14,Aadhaar,iOS,Neobank,SUCCESS,,2100,46,0
TXN01092,2026-08-01 18:46:44,National ID (Intl),Web,Crypto Exchange,FAILED,Unsupported Document Format,2338,81,1
TXN01093,2026-08-25 19:23:58,Aadhaar,Android,Fintech Lending,SUCCESS,,1321,54,1
TXN01094,2026-08-07 22:41:58,PAN,iOS,Crypto Exchange,SUCCESS,,2209,27,1
TXN01095,2026-08-02 12:18:03,PAN,Web,Crypto Exchange,SUCCESS,,2810,33,1
TXN01096,2026-08-11 10:20:24,Driving License,iOS,Crypto Exchange,SUCCESS,,2309,10,0
TXN01097,2026-08-11 21:39:21,National ID (Intl),Android,Fintech Lending,FAILED,Unsupported Document Format,4290,73,2
TXN01098,2026-08-30 11:19:30,Voter ID,Android,Fintech Lending,SUCCESS,,2051,18,0
TXN01099,2026-08-12 19:12:03,Passport,Web,Crypto Exchange,FAILED,Unsupported Document Format,1578,19,1
TXN01100,2026-08-18 13:37:19,PAN,Web,Gaming & Wallets,SUCCESS,,2078,24,0
TXN01101,2026-08-12 03:41:37,Passport,Android,Gaming & Wallets,SUCCESS,,2500,35,0
TXN01102,2026-08-30 09:30:42,Voter ID,iOS,Neobank,SUCCESS,,1658,6,0
TXN01103,2026-08-10 14:48:29,PAN,Android,Gaming & Wallets,FAILED,API Timeout,14510,17,1
TXN01104,2026-08-04 13:04:05,Aadhaar,Android,Neobank,SUCCESS,,2910,26,0
TXN01105,2026-08-17 08:12:52,Aadhaar,Android,Crypto Exchange,SUCCESS,,1706,27,0
TXN01106,2026-08-07 12:49:36,Driving License,Android,Gaming & Wallets,SUCCESS,,2771,53,2
TXN01107,2026-08-23 00:23:50,Aadhaar,Web,Crypto Exchange,SUCCESS,,1853,38,0
TXN01108,2026-08-17 13:25:49,Driving License,Android,Gaming & Wallets,SUCCESS,,2043,33,1
TXN01109,2026-08-09 15:52:10,PAN,Android,Crypto Exchange,FAILED,Blurry Image,2549,40,1
TXN01110,2026-08-09 00:55:45,Passport,Android,Crypto Exchange,SUCCESS,,1568,57,0
TXN01111,2026-08-12 05:55:13,National ID (Intl),Android,Fintech Lending,FAILED,Blurry Image,3601,5,1
TXN01112,2026-08-28 17:27:20,Voter ID,Android,Crypto Exchange,SUCCESS,,1923,30,0
TXN01113,2026-08-22 13:46:09,Aadhaar,iOS,Fintech Lending,SUCCESS,,1989,9,4
TXN01114,2026-08-04 20:07:11,Driving License,Android,Crypto Exchange,FAILED,Glare/Reflection,1667,70,1
TXN01115,2026-08-22 00:55:17,Aadhaar,iOS,Fintech Lending,SUCCESS,,2584,13,1
TXN01116,2026-08-01 09:17:11,Driving License,Web,Fintech Lending,SUCCESS,,2997,15,0
TXN01117,2026-08-25 02:43:41,Aadhaar,Android,Neobank,SUCCESS,,1110,14,1
TXN01118,2026-08-29 08:17:29,Aadhaar,iOS,Gaming & Wallets,SUCCESS,,1646,12,1
TXN01119,2026-08-24 19:08:59,Voter ID,Web,Gaming & Wallets,FAILED,OCR Extraction Error,1693,17,1
TXN01120,2026-08-21 08:51:44,National ID (Intl),Web,Crypto Exchange,FAILED,OCR Extraction Error,3569,64,3
TXN01121,2026-08-07 05:11:53,Driving License,Android,Gaming & Wallets,FAILED,Document Expired,2858,57,1
TXN01122,2026-08-20 20:31:34,Aadhaar,Android,Neobank,SUCCESS,,2492,21,0
TXN01123,2026-08-03 15:39:08,Driving License,Android,Crypto Exchange,SUCCESS,,2459,53,0
TXN01124,2026-08-27 00:30:01,PAN,Android,Neobank,SUCCESS,,2211,39,0
TXN01125,2026-08-05 09:09:07,National ID (Intl),Android,Gaming & Wallets,FAILED,Name Mismatch,2190,13,1
TXN01126,2026-08-08 14:54:35,PAN,Android,Neobank,SUCCESS,,1599,19,1
TXN01127,2026-08-27 20:14:05,Voter ID,Android,Neobank,FAILED,Unsupported Document Format,1774,25,1
TXN01128,2026-08-02 15:21:15,Aadhaar,iOS,Neobank,SUCCESS,,2224,48,1
TXN01129,2026-08-01 23:28:52,Voter ID,Android,Gaming & Wallets,SUCCESS,,3300,10,0
TXN01130,2026-08-16 17:10:08,Passport,Android,Crypto Exchange,SUCCESS,,2463,30,0
TXN01131,2026-08-19 06:44:54,Aadhaar,iOS,Gaming & Wallets,SUCCESS,,2144,59,1
TXN01132,2026-08-20 02:37:47,PAN,Android,Gaming & Wallets,FAILED,Liveness Failed,2528,78,4
TXN01133,2026-08-24 03:31:10,PAN,Android,Crypto Exchange,SUCCESS,,2272,52,0
TXN01134,2026-08-24 18:40:18,Aadhaar,iOS,Neobank,SUCCESS,,1314,54,0
TXN01135,2026-08-03 20:39:42,Driving License,iOS,Neobank,SUCCESS,,1609,22,1
TXN01136,2026-08-01 06:29:29,Aadhaar,iOS,Gaming & Wallets,SUCCESS,,1340,32,0
TXN01137,2026-08-23 09:32:14,PAN,iOS,Crypto Exchange,SUCCESS,,2124,47,0
TXN01138,2026-08-07 04:17:41,Aadhaar,iOS,Gaming & Wallets,SUCCESS,,892,11,0
TXN01139,2026-08-25 00:55:54,Voter ID,Android,Gaming & Wallets,SUCCESS,,2849,48,1
TXN01140,2026-08-22 03:22:12,PAN,Android,Fintech Lending,FAILED,OCR Extraction Error,2733,46,1
TXN01141,2026-08-15 02:06:13,PAN,iOS,Neobank,SUCCESS,,1261,46,0
TXN01142,2026-08-17 00:41:03,Passport,Android,Neobank,FAILED,Face Match Failed,2552,72,2
TXN01143,2026-08-08 07:10:09,PAN,Android,Neobank,SUCCESS,,2324,7,0
TXN01144,2026-08-29 20:35:22,PAN,Android,Gaming & Wallets,SUCCESS,,1629,15,0
TXN01145,2026-08-21 16:31:08,Aadhaar,Android,Crypto Exchange,SUCCESS,,1464,26,2
TXN01146,2026-08-04 18:15:58,Passport,iOS,Neobank,SUCCESS,,1474,12,0
TXN01147,2026-08-17 00:39:52,Aadhaar,iOS,Gaming & Wallets,SUCCESS,,3418,52,1
TXN01148,2026-08-09 03:50:59,Passport,Web,Neobank,SUCCESS,,1627,60,1
TXN01149,2026-08-16 16:42:57,Aadhaar,Android,Fintech Lending,SUCCESS,,2754,31,0
TXN01150,2026-08-19 07:35:50,PAN,Android,Gaming & Wallets,SUCCESS,,2421,54,0
TXN01151,2026-08-09 01:32:22,Passport,Web,Neobank,FAILED,API Timeout,11923,67,1
TXN01152,2026-08-17 21:39:34,Aadhaar,Android,Gaming & Wallets,SUCCESS,,2562,28,0
TXN01153,2026-08-19 13:35:42,Passport,Web,Neobank,SUCCESS,,1501,13,0
TXN01154,2026-08-13 07:39:07,PAN,Android,Crypto Exchange,SUCCESS,,2557,26,0
TXN01155,2026-08-28 18:38:20,Driving License,Android,Fintech Lending,FAILED,API Timeout,11314,87,2
TXN01156,2026-08-30 18:06:14,Driving License,Android,Fintech Lending,FAILED,Blurry Image,1365,20,1
TXN01157,2026-08-27 09:54:11,Passport,Android,Fintech Lending,SUCCESS,,3691,48,0
TXN01158,2026-08-09 05:08:53,Voter ID,Web,Crypto Exchange,FAILED,OCR Extraction Error,3468,90,1
TXN01159,2026-08-10 08:47:28,Voter ID,iOS,Fintech Lending,FAILED,OCR Extraction Error,2321,61,1
TXN01160,2026-08-09 09:31:21,Passport,iOS,Gaming & Wallets,SUCCESS,,1543,8,0
TXN01161,2026-08-05 06:42:58,Passport,iOS,Gaming & Wallets,SUCCESS,,1259,2,1
TXN01162,2026-08-23 08:20:44,Driving License,Android,Crypto Exchange,SUCCESS,,2389,54,0
TXN01163,2026-08-16 01:44:37,National ID (Intl),Web,Neobank,SUCCESS,,3716,9,0
TXN01164,2026-08-10 16:06:48,PAN,Web,Crypto Exchange,SUCCESS,,1329,17,0
TXN01165,2026-08-09 06:37:02,PAN,Android,Gaming & Wallets,SUCCESS,,2771,35,0
TXN01166,2026-08-11 01:41:35,National ID (Intl),Android,Crypto Exchange,SUCCESS,,3903,33,1
TXN01167,2026-08-06 14:19:55,Aadhaar,Android,Fintech Lending,SUCCESS,,2321,30,0
TXN01168,2026-08-16 15:35:26,PAN,Android,Fintech Lending,SUCCESS,,3622,1,0
TXN01169,2026-08-10 02:00:02,PAN,Android,Fintech Lending,FAILED,Blurry Image,1949,7,1
TXN01170,2026-08-20 09:15:26,Passport,iOS,Gaming & Wallets,SUCCESS,,1145,39,0
TXN01171,2026-08-25 14:39:07,Driving License,Android,Neobank,SUCCESS,,1880,37,0
TXN01172,2026-08-29 23:22:55,Aadhaar,Android,Crypto Exchange,FAILED,API Timeout,10332,11,3
TXN01173,2026-08-23 06:26:23,PAN,iOS,Crypto Exchange,SUCCESS,,1864,13,1
TXN01174,2026-08-10 20:53:14,PAN,Android,Neobank,SUCCESS,,2342,36,1
TXN01175,2026-08-05 20:24:27,PAN,Android,Crypto Exchange,SUCCESS,,2899,59,0
TXN01176,2026-08-05 15:38:38,PAN,Android,Neobank,SUCCESS,,1827,19,1
TXN01177,2026-08-26 22:17:21,Driving License,Android,Gaming & Wallets,SUCCESS,,1944,38,0
TXN01178,2026-08-18 22:04:14,Voter ID,Android,Neobank,SUCCESS,,1999,39,1
TXN01179,2026-08-25 06:29:00,Voter ID,iOS,Neobank,SUCCESS,,1469,22,0
TXN01180,2026-08-19 18:40:21,Aadhaar,Android,Crypto Exchange,SUCCESS,,1967,27,0
TXN01181,2026-08-23 13:40:27,PAN,Android,Fintech Lending,SUCCESS,,1414,42,1
TXN01182,2026-08-07 05:59:32,Driving License,Android,Crypto Exchange,SUCCESS,,1758,32,0
TXN01183,2026-08-15 16:58:03,Driving License,Android,Fintech Lending,SUCCESS,,2355,52,1
TXN01184,2026-08-17 06:22:38,PAN,Android,Gaming & Wallets,SUCCESS,,1429,49,0
TXN01185,2026-08-29 15:34:41,Driving License,Android,Crypto Exchange,SUCCESS,,2045,56,0
TXN01186,2026-08-24 18:27:01,Aadhaar,Android,Fintech Lending,SUCCESS,,1742,44,0
TXN01187,2026-08-15 05:38:56,Driving License,Android,Neobank,SUCCESS,,1301,41,0
TXN01188,2026-08-13 01:40:16,Aadhaar,iOS,Gaming & Wallets,SUCCESS,,2046,10,0
TXN01189,2026-08-30 23:08:16,PAN,Android,Gaming & Wallets,SUCCESS,,2679,30,0
TXN01190,2026-08-19 12:57:39,PAN,Android,Fintech Lending,SUCCESS,,2451,41,1
TXN01191,2026-08-04 20:22:18,PAN,Android,Crypto Exchange,FAILED,Face Match Failed,1502,38,4
TXN01192,2026-08-03 08:53:32,Passport,Android,Neobank,SUCCESS,,1866,28,0
TXN01193,2026-08-30 08:26:10,Driving License,Android,Fintech Lending,SUCCESS,,1528,1,0
TXN01194,2026-08-14 08:07:43,Aadhaar,Android,Neobank,SUCCESS,,1736,2,1
TXN01195,2026-08-29 12:58:10,Aadhaar,iOS,Gaming & Wallets,SUCCESS,,2263,31,2
TXN01196,2026-08-22 13:44:37,Aadhaar,Android,Crypto Exchange,SUCCESS,,3055,35,0
TXN01197,2026-08-28 17:37:41,Driving License,Android,Fintech Lending,FAILED,Face Match Failed,2113,31,2
TXN01198,2026-08-22 22:02:04,Passport,Android,Crypto Exchange,FAILED,Blurry Image,2186,50,1
TXN01199,2026-08-28 00:17:56,PAN,iOS,Crypto Exchange,SUCCESS,,3199,35,0
TXN01200,2026-08-20 05:04:54,Passport,Web,Fintech Lending,SUCCESS,,1588,50,3
TXN01201,2026-08-11 13:42:00,National ID (Intl),iOS,Crypto Exchange,SUCCESS,,3489,24,0
TXN01202,2026-08-25 09:13:38,Driving License,iOS,Crypto Exchange,SUCCESS,,1262,32,1
TXN01203,2026-08-09 14:57:00,Aadhaar,Web,Neobank,SUCCESS,,3162,44,1
TXN01204,2026-08-20 22:01:36,PAN,iOS,Gaming & Wallets,SUCCESS,,2281,6,0
TXN01205,2026-08-30 14:28:59,Driving License,Web,Crypto Exchange,SUCCESS,,2162,6,2
TXN01206,2026-08-27 19:11:36,Aadhaar,iOS,Gaming & Wallets,SUCCESS,,1823,16,0
TXN01207,2026-08-07 10:32:54,National ID (Intl),Web,Crypto Exchange,SUCCESS,,4309,30,0
TXN01208,2026-08-09 14:04:39,Driving License,Android,Neobank,FAILED,Name Mismatch,1108,47,2
TXN01209,2026-08-01 08:01:10,Voter ID,Android,Fintech Lending,FAILED,OCR Extraction Error,1777,65,2
TXN01210,2026-08-27 02:02:53,Aadhaar,Android,Crypto Exchange,SUCCESS,,3199,35,1
TXN01211,2026-08-15 05:19:36,PAN,Web,Fintech Lending,SUCCESS,,4093,3,0
TXN01212,2026-08-21 19:20:30,Driving License,Android,Gaming & Wallets,FAILED,Blurry Image,2514,26,1
TXN01213,2026-08-24 10:15:33,Passport,Android,Neobank,SUCCESS,,1016,5,0
TXN01214,2026-08-17 14:58:29,Driving License,iOS,Crypto Exchange,SUCCESS,,1709,45,0
TXN01215,2026-08-08 04:27:37,Aadhaar,Android,Neobank,SUCCESS,,2283,20,2
TXN01216,2026-08-22 08:28:36,Aadhaar,iOS,Gaming & Wallets,SUCCESS,,1132,55,0
TXN01217,2026-08-29 07:30:45,Passport,Android,Neobank,SUCCESS,,2139,47,0
TXN01218,2026-08-09 06:32:31,Voter ID,Android,Gaming & Wallets,FAILED,OCR Extraction Error,2219,71,1
TXN01219,2026-08-26 11:56:43,Voter ID,Android,Neobank,SUCCESS,,1967,43,2
TXN01220,2026-08-08 06:51:56,PAN,Android,Neobank,SUCCESS,,4412,42,0
TXN01221,2026-08-26 10:38:31,PAN,iOS,Fintech Lending,SUCCESS,,2509,3,0
TXN01222,2026-08-14 04:17:22,Aadhaar,Android,Fintech Lending,SUCCESS,,2166,56,0
TXN01223,2026-08-12 21:05:13,Driving License,Android,Neobank,SUCCESS,,3175,42,1
TXN01224,2026-08-02 22:52:28,Aadhaar,iOS,Neobank,FAILED,Name Mismatch,1187,13,2
TXN01225,2026-08-12 01:09:25,Aadhaar,Android,Neobank,SUCCESS,,2698,7,0
TXN01226,2026-08-10 12:51:09,Driving License,Android,Fintech Lending,SUCCESS,,1869,7,0
TXN01227,2026-08-29 05:44:43,Aadhaar,Android,Fintech Lending,SUCCESS,,1814,38,1
TXN01228,2026-08-13 05:18:26,Passport,Android,Fintech Lending,FAILED,Name Mismatch,1987,69,1
TXN01229,2026-08-26 20:02:46,Aadhaar,iOS,Crypto Exchange,SUCCESS,,1469,20,0
TXN01230,2026-08-24 16:04:20,Aadhaar,iOS,Neobank,SUCCESS,,3234,32,0
TXN01231,2026-08-05 14:10:46,Aadhaar,Android,Crypto Exchange,FAILED,Face Match Failed,2390,28,1
TXN01232,2026-08-25 08:36:56,Aadhaar,Android,Crypto Exchange,SUCCESS,,2705,44,0
TXN01233,2026-08-16 17:12:50,Passport,iOS,Neobank,SUCCESS,,4216,55,0
TXN01234,2026-08-29 21:29:34,Driving License,Android,Gaming & Wallets,FAILED,API Timeout,10125,23,1
TXN01235,2026-08-22 19:56:51,Driving License,Web,Crypto Exchange,SUCCESS,,2345,1,1
TXN01236,2026-08-07 19:01:50,PAN,Web,Crypto Exchange,FAILED,Liveness Failed,1077,42,2
TXN01237,2026-08-16 19:27:02,Aadhaar,Android,Gaming & Wallets,SUCCESS,,4058,40,0
TXN01238,2026-08-08 18:54:01,Voter ID,Android,Neobank,SUCCESS,,1912,31,2
TXN01239,2026-08-24 15:26:39,National ID (Intl),iOS,Gaming & Wallets,SUCCESS,,2606,29,2
TXN01240,2026-08-16 18:07:22,Aadhaar,Android,Fintech Lending,FAILED,OCR Extraction Error,2267,76,1
TXN01241,2026-08-28 00:34:21,Aadhaar,iOS,Crypto Exchange,SUCCESS,,2381,51,1
TXN01242,2026-08-22 15:26:30,Driving License,Web,Crypto Exchange,FAILED,Name Mismatch,1738,51,1
TXN01243,2026-08-30 07:15:52,Driving License,iOS,Crypto Exchange,SUCCESS,,1828,32,1
TXN01244,2026-08-01 18:52:33,Voter ID,Android,Crypto Exchange,SUCCESS,,2787,35,0
TXN01245,2026-08-28 10:37:48,Passport,iOS,Fintech Lending,SUCCESS,,2078,11,1
TXN01246,2026-08-30 14:44:17,Voter ID,Android,Gaming & Wallets,SUCCESS,,3663,30,0
TXN01247,2026-08-04 13:04:52,Voter ID,iOS,Crypto Exchange,SUCCESS,,2170,50,0
TXN01248,2026-08-20 11:44:30,Voter ID,Android,Fintech Lending,SUCCESS,,1883,15,0
TXN01249,2026-08-28 21:16:09,Driving License,Android,Neobank,FAILED,API Timeout,9321,23,1
TXN01250,2026-08-07 04:20:33,Aadhaar,Android,Fintech Lending,SUCCESS,,2998,21,2
TXN01251,2026-08-21 14:19:34,Passport,Android,Neobank,FAILED,Blurry Image,1908,53,1
TXN01252,2026-08-08 21:46:20,Aadhaar,Web,Fintech Lending,SUCCESS,,1278,39,0
TXN01253,2026-08-05 09:46:44,National ID (Intl),Android,Neobank,FAILED,Face Match Failed,2709,63,1
TXN01254,2026-08-18 05:14:00,PAN,Android,Fintech Lending,SUCCESS,,1768,55,0
TXN01255,2026-08-23 21:10:33,Aadhaar,iOS,Gaming & Wallets,SUCCESS,,2574,1,0
TXN01256,2026-08-03 23:16:53,Aadhaar,iOS,Fintech Lending,SUCCESS,,1022,19,0
TXN01257,2026-08-09 11:28:02,PAN,Android,Neobank,FAILED,Unsupported Document Format,4298,28,1
TXN01258,2026-08-25 03:41:38,National ID (Intl),iOS,Fintech Lending,SUCCESS,,2915,54,0
TXN01259,2026-08-02 09:12:04,PAN,iOS,Crypto Exchange,SUCCESS,,1662,34,0
TXN01260,2026-08-05 11:19:55,Aadhaar,Android,Neobank,SUCCESS,,1926,58,0
TXN01261,2026-08-16 02:50:35,Aadhaar,iOS,Fintech Lending,SUCCESS,,2759,21,0
TXN01262,2026-08-24 04:39:55,PAN,iOS,Fintech Lending,SUCCESS,,3176,9,0
TXN01263,2026-08-04 23:45:25,Aadhaar,Web,Neobank,SUCCESS,,2396,40,0
TXN01264,2026-08-16 22:52:36,Aadhaar,Android,Crypto Exchange,SUCCESS,,1890,34,0
TXN01265,2026-08-16 22:04:56,Voter ID,iOS,Neobank,SUCCESS,,2515,60,1
TXN01266,2026-08-10 14:33:56,Driving License,iOS,Fintech Lending,FAILED,Blurry Image,3265,35,1
TXN01267,2026-08-17 16:40:28,PAN,iOS,Gaming & Wallets,SUCCESS,,1923,29,0
TXN01268,2026-08-17 08:55:48,Aadhaar,iOS,Crypto Exchange,FAILED,Document Expired,947,75,1
TXN01269,2026-08-04 01:32:15,Aadhaar,Web,Crypto Exchange,SUCCESS,,1909,35,0
TXN01270,2026-08-06 20:08:01,Aadhaar,Android,Fintech Lending,SUCCESS,,758,20,0
TXN01271,2026-08-20 07:11:19,Passport,Web,Neobank,FAILED,API Timeout,12764,7,1
TXN01272,2026-08-28 07:48:22,Driving License,Android,Neobank,FAILED,Name Mismatch,2651,34,1
TXN01273,2026-08-05 20:40:09,National ID (Intl),Android,Neobank,FAILED,API Timeout,14514,24,1
TXN01274,2026-08-14 12:23:03,National ID (Intl),Android,Neobank,SUCCESS,,5116,25,1
TXN01275,2026-08-16 15:03:55,National ID (Intl),Web,Gaming & Wallets,SUCCESS,,2284,20,0
TXN01276,2026-08-03 20:59:56,Driving License,iOS,Fintech Lending,SUCCESS,,1318,11,1
TXN01277,2026-08-19 23:49:32,Driving License,Web,Neobank,FAILED,API Timeout,13840,14,1
TXN01278,2026-08-06 23:51:16,National ID (Intl),Android,Gaming & Wallets,FAILED,Liveness Failed,3641,23,1
TXN01279,2026-08-26 06:33:59,Driving License,Android,Fintech Lending,SUCCESS,,1051,31,0
TXN01280,2026-08-08 11:02:46,PAN,Web,Gaming & Wallets,SUCCESS,,1753,3,0
TXN01281,2026-08-21 16:13:18,Voter ID,Android,Gaming & Wallets,SUCCESS,,4155,51,0
TXN01282,2026-08-30 06:54:50,Aadhaar,Android,Fintech Lending,FAILED,API Timeout,11027,12,1
TXN01283,2026-08-13 05:13:03,Voter ID,Android,Crypto Exchange,FAILED,Face Match Failed,2284,50,1
TXN01284,2026-08-29 10:29:16,Aadhaar,Web,Neobank,SUCCESS,,2353,7,4
TXN01285,2026-08-30 10:46:21,Voter ID,Android,Gaming & Wallets,SUCCESS,,3021,39,0
TXN01286,2026-08-28 22:39:08,Voter ID,iOS,Fintech Lending,SUCCESS,,2357,39,0
TXN01287,2026-08-22 08:55:21,PAN,iOS,Crypto Exchange,SUCCESS,,2191,26,1
TXN01288,2026-08-11 11:42:15,Passport,iOS,Fintech Lending,SUCCESS,,3901,55,1
TXN01289,2026-08-13 01:45:27,PAN,iOS,Crypto Exchange,SUCCESS,,2571,45,3
TXN01290,2026-08-28 02:40:25,Aadhaar,iOS,Neobank,SUCCESS,,2083,26,1
TXN01291,2026-08-05 07:32:25,Driving License,Android,Gaming & Wallets,SUCCESS,,2614,54,2
TXN01292,2026-08-20 17:06:01,PAN,Android,Fintech Lending,SUCCESS,,1994,25,0
TXN01293,2026-08-22 06:02:16,Voter ID,Android,Crypto Exchange,FAILED,Liveness Failed,3002,19,1
TXN01294,2026-08-28 04:21:19,PAN,Android,Crypto Exchange,SUCCESS,,1633,13,0
TXN01295,2026-08-13 18:50:54,Driving License,Web,Gaming & Wallets,SUCCESS,,1722,9,2
TXN01296,2026-08-30 18:41:10,Aadhaar,Web,Crypto Exchange,SUCCESS,,1927,36,0
TXN01297,2026-08-11 15:07:28,National ID (Intl),Android,Neobank,SUCCESS,,2003,14,0
TXN01298,2026-08-22 07:24:49,Aadhaar,Web,Gaming & Wallets,SUCCESS,,2145,27,0
TXN01299,2026-08-13 16:39:38,PAN,Android,Gaming & Wallets,SUCCESS,,1594,58,2
TXN01300,2026-08-07 12:41:43,Aadhaar,Android,Fintech Lending,SUCCESS,,3868,51,0
TXN01301,2026-08-26 23:44:22,Aadhaar,Web,Gaming & Wallets,SUCCESS,,3184,47,0
TXN01302,2026-08-23 14:05:52,Driving License,Web,Neobank,SUCCESS,,2905,29,0
TXN01303,2026-08-02 01:45:57,PAN,Web,Neobank,SUCCESS,,2074,23,0
TXN01304,2026-08-04 04:12:40,Driving License,Android,Crypto Exchange,FAILED,Glare/Reflection,1675,22,4
TXN01305,2026-08-17 01:05:56,Aadhaar,Android,Crypto Exchange,SUCCESS,,2875,27,0
TXN01306,2026-08-01 07:53:37,Passport,iOS,Crypto Exchange,FAILED,Blurry Image,2893,14,1
TXN01307,2026-08-13 01:52:20,Passport,iOS,Neobank,FAILED,Liveness Failed,2453,17,3
TXN01308,2026-08-20 18:51:30,Passport,Web,Gaming & Wallets,SUCCESS,,1806,12,0
TXN01309,2026-08-25 06:10:17,PAN,iOS,Crypto Exchange,SUCCESS,,1669,23,3
TXN01310,2026-08-26 10:20:58,Passport,Android,Fintech Lending,SUCCESS,,2226,7,0
TXN01311,2026-08-16 20:49:08,National ID (Intl),Android,Fintech Lending,SUCCESS,,4190,12,0
TXN01312,2026-08-17 18:14:34,Passport,Android,Neobank,SUCCESS,,2275,24,0
TXN01313,2026-08-25 15:04:50,Voter ID,iOS,Neobank,SUCCESS,,1097,51,2
TXN01314,2026-08-06 05:34:00,Driving License,Android,Crypto Exchange,SUCCESS,,1341,58,0
TXN01315,2026-08-23 01:43:31,Aadhaar,Android,Crypto Exchange,FAILED,Face Match Failed,1770,19,1
TXN01316,2026-08-12 14:58:51,Aadhaar,Android,Neobank,FAILED,Document Expired,1853,89,2
TXN01317,2026-08-16 13:28:16,Voter ID,Android,Fintech Lending,FAILED,OCR Extraction Error,2575,74,1
TXN01318,2026-08-15 05:19:19,Aadhaar,Android,Neobank,FAILED,Document Expired,1915,8,1
TXN01319,2026-08-15 20:23:47,PAN,Android,Gaming & Wallets,SUCCESS,,2543,44,1
TXN01320,2026-08-15 21:49:13,Passport,Android,Fintech Lending,FAILED,API Timeout,10195,11,1
TXN01321,2026-08-18 01:50:11,Aadhaar,Android,Neobank,FAILED,Blurry Image,2699,27,1
TXN01322,2026-08-05 18:56:11,Driving License,Android,Neobank,SUCCESS,,1568,21,0
TXN01323,2026-08-03 04:42:04,Aadhaar,Android,Fintech Lending,FAILED,Blurry Image,2730,56,1
TXN01324,2026-08-21 12:38:42,Aadhaar,Android,Crypto Exchange,SUCCESS,,5809,27,0
TXN01325,2026-08-10 04:46:45,PAN,Android,Crypto Exchange,SUCCESS,,1963,41,0
TXN01326,2026-08-11 19:47:03,Aadhaar,iOS,Neobank,SUCCESS,,1517,51,0
TXN01327,2026-08-20 07:56:30,Aadhaar,Android,Crypto Exchange,SUCCESS,,822,17,0
TXN01328,2026-08-05 04:47:00,Aadhaar,Web,Neobank,SUCCESS,,1995,3,0
TXN01329,2026-08-09 22:55:58,Aadhaar,Android,Gaming & Wallets,SUCCESS,,2263,28,0
TXN01330,2026-08-25 10:45:32,PAN,Android,Fintech Lending,SUCCESS,,1577,21,0
TXN01331,2026-08-09 12:30:22,Aadhaar,Android,Crypto Exchange,SUCCESS,,1205,26,0
TXN01332,2026-08-09 22:19:57,National ID (Intl),Android,Neobank,FAILED,OCR Extraction Error,2545,82,1
TXN01333,2026-08-03 18:04:32,Passport,Android,Crypto Exchange,SUCCESS,,1162,2,0
TXN01334,2026-08-02 20:46:27,Aadhaar,Web,Crypto Exchange,SUCCESS,,1464,25,0
TXN01335,2026-08-11 21:34:57,Aadhaar,Android,Fintech Lending,SUCCESS,,1081,2,0
TXN01336,2026-08-14 17:05:58,Voter ID,Web,Gaming & Wallets,SUCCESS,,936,16,0
TXN01337,2026-08-24 06:13:33,Passport,Android,Gaming & Wallets,FAILED,Blurry Image,2067,23,1
TXN01338,2026-08-13 11:40:20,Driving License,Web,Gaming & Wallets,FAILED,Name Mismatch,1345,95,2
TXN01339,2026-08-18 03:12:23,Voter ID,Web,Neobank,SUCCESS,,1228,30,1
TXN01340,2026-08-17 09:34:01,PAN,Android,Crypto Exchange,SUCCESS,,1604,14,0
TXN01341,2026-08-23 11:52:19,Driving License,iOS,Crypto Exchange,SUCCESS,,2611,42,0
TXN01342,2026-08-15 13:53:54,PAN,Android,Gaming & Wallets,FAILED,Unsupported Document Format,2916,30,1
TXN01343,2026-08-26 02:55:55,Passport,Android,Gaming & Wallets,SUCCESS,,1329,12,0
TXN01344,2026-08-20 12:13:12,Driving License,iOS,Neobank,SUCCESS,,2471,21,0
TXN01345,2026-08-16 08:25:00,Voter ID,Android,Gaming & Wallets,SUCCESS,,2798,41,1
TXN01346,2026-08-02 01:00:35,Driving License,iOS,Fintech Lending,SUCCESS,,2719,58,0
TXN01347,2026-08-04 04:55:20,Driving License,Web,Crypto Exchange,SUCCESS,,3604,54,0
TXN01348,2026-08-05 22:15:19,PAN,Android,Crypto Exchange,FAILED,Blurry Image,2625,20,1
TXN01349,2026-08-14 15:39:43,Passport,Android,Gaming & Wallets,SUCCESS,,2242,29,0
TXN01350,2026-08-19 09:59:52,Aadhaar,Web,Gaming & Wallets,SUCCESS,,2944,53,0
TXN01351,2026-08-01 23:08:04,PAN,iOS,Gaming & Wallets,FAILED,Unsupported Document Format,2837,15,2
TXN01352,2026-08-20 02:35:44,Aadhaar,Android,Crypto Exchange,FAILED,Blurry Image,1215,42,2
TXN01353,2026-08-01 18:35:22,National ID (Intl),Android,Gaming & Wallets,FAILED,OCR Extraction Error,5090,37,1
TXN01354,2026-08-24 18:26:09,Aadhaar,Android,Fintech Lending,SUCCESS,,1129,45,0
TXN01355,2026-08-14 05:52:39,PAN,Android,Fintech Lending,SUCCESS,,2664,6,0
TXN01356,2026-08-28 20:21:13,Aadhaar,Web,Fintech Lending,SUCCESS,,943,25,0
TXN01357,2026-08-17 07:02:34,Driving License,Android,Gaming & Wallets,SUCCESS,,6571,28,0
TXN01358,2026-08-27 19:34:20,PAN,Web,Crypto Exchange,SUCCESS,,1731,29,2
TXN01359,2026-08-25 16:47:05,Aadhaar,iOS,Crypto Exchange,FAILED,Blurry Image,1656,13,1
TXN01360,2026-08-01 11:14:15,Driving License,iOS,Fintech Lending,SUCCESS,,2478,59,0
TXN01361,2026-08-17 01:31:37,Aadhaar,iOS,Gaming & Wallets,SUCCESS,,2328,48,2
TXN01362,2026-08-01 04:28:30,Aadhaar,iOS,Fintech Lending,SUCCESS,,2301,46,0
TXN01363,2026-08-10 13:52:15,PAN,Android,Gaming & Wallets,SUCCESS,,1979,31,0
TXN01364,2026-08-22 11:34:08,Driving License,Web,Fintech Lending,SUCCESS,,1616,35,0
TXN01365,2026-08-10 03:16:01,Aadhaar,Android,Fintech Lending,SUCCESS,,1146,38,0
TXN01366,2026-08-21 16:56:08,PAN,iOS,Neobank,SUCCESS,,1767,1,0
TXN01367,2026-08-04 03:19:35,National ID (Intl),Android,Neobank,SUCCESS,,3079,4,0
TXN01368,2026-08-01 13:58:47,Driving License,Android,Gaming & Wallets,FAILED,OCR Extraction Error,1240,51,1
TXN01369,2026-08-16 11:44:11,Passport,Web,Crypto Exchange,SUCCESS,,2643,32,0
TXN01370,2026-08-12 01:46:09,PAN,Android,Neobank,SUCCESS,,1307,30,1
TXN01371,2026-08-23 12:09:39,PAN,iOS,Gaming & Wallets,SUCCESS,,1948,48,1
TXN01372,2026-08-16 09:00:34,PAN,Android,Neobank,SUCCESS,,2595,24,0
TXN01373,2026-08-08 07:58:22,Driving License,iOS,Neobank,SUCCESS,,1620,26,0
TXN01374,2026-08-20 00:58:59,Aadhaar,Android,Gaming & Wallets,SUCCESS,,1694,39,1
TXN01375,2026-08-24 15:47:41,PAN,Web,Neobank,FAILED,Blurry Image,1631,42,1
TXN01376,2026-08-21 05:04:39,PAN,Android,Neobank,SUCCESS,,1736,40,0
TXN01377,2026-08-17 13:24:25,Aadhaar,Android,Crypto Exchange,SUCCESS,,1243,27,0
TXN01378,2026-08-24 02:47:55,National ID (Intl),iOS,Crypto Exchange,FAILED,OCR Extraction Error,3426,29,2
TXN01379,2026-08-29 18:42:09,National ID (Intl),iOS,Neobank,SUCCESS,,4107,37,0
TXN01380,2026-08-19 15:33:33,Aadhaar,Android,Fintech Lending,SUCCESS,,2166,32,0
TXN01381,2026-08-04 05:58:25,Voter ID,Web,Crypto Exchange,SUCCESS,,4438,18,1
TXN01382,2026-08-12 23:17:35,PAN,iOS,Gaming & Wallets,SUCCESS,,1257,40,0
TXN01383,2026-08-24 12:42:49,Aadhaar,Android,Crypto Exchange,FAILED,OCR Extraction Error,2261,87,1
TXN01384,2026-08-03 22:33:39,National ID (Intl),iOS,Crypto Exchange,FAILED,Face Match Failed,4105,53,1
TXN01385,2026-08-10 21:57:24,Driving License,Android,Crypto Exchange,SUCCESS,,2370,30,1
TXN01386,2026-08-27 22:55:47,National ID (Intl),Android,Gaming & Wallets,SUCCESS,,3044,60,0
TXN01387,2026-08-14 19:46:21,Aadhaar,iOS,Gaming & Wallets,SUCCESS,,2100,21,1
TXN01388,2026-08-16 17:21:08,PAN,Android,Gaming & Wallets,SUCCESS,,1058,3,0
TXN01389,2026-08-25 20:11:00,PAN,iOS,Fintech Lending,SUCCESS,,2322,5,2
TXN01390,2026-08-12 09:48:38,Aadhaar,Android,Neobank,SUCCESS,,1753,6,0
TXN01391,2026-08-26 11:17:44,Driving License,Android,Fintech Lending,SUCCESS,,3531,36,1
TXN01392,2026-08-13 15:48:04,Driving License,Android,Fintech Lending,SUCCESS,,2507,3,0
TXN01393,2026-08-25 07:13:20,Aadhaar,Android,Neobank,SUCCESS,,1661,26,0
TXN01394,2026-08-27 16:49:57,Driving License,Android,Gaming & Wallets,SUCCESS,,1451,23,1
TXN01395,2026-08-20 06:44:59,Passport,Android,Neobank,SUCCESS,,2582,48,0
TXN01396,2026-08-08 18:15:15,Aadhaar,Android,Gaming & Wallets,FAILED,Liveness Failed,1665,38,1
TXN01397,2026-08-30 06:58:28,Passport,Android,Gaming & Wallets,FAILED,Face Match Failed,2449,19,1
TXN01398,2026-08-10 17:10:59,Driving License,iOS,Neobank,SUCCESS,,2444,45,0
TXN01399,2026-08-23 12:20:33,Voter ID,Web,Crypto Exchange,SUCCESS,,2379,57,1
TXN01400,2026-08-11 12:09:06,Aadhaar,Android,Fintech Lending,SUCCESS,,2624,47,0
TXN01401,2026-08-24 20:51:04,PAN,Web,Neobank,SUCCESS,,2652,43,1
TXN01402,2026-08-02 12:21:02,Aadhaar,iOS,Fintech Lending,SUCCESS,,2895,25,1
TXN01403,2026-08-11 10:51:09,National ID (Intl),Android,Crypto Exchange,FAILED,Unsupported Document Format,4030,40,1
TXN01404,2026-08-15 15:54:50,Aadhaar,iOS,Fintech Lending,SUCCESS,,1364,52,2
TXN01405,2026-08-24 03:10:06,Aadhaar,iOS,Fintech Lending,SUCCESS,,1577,45,0
TXN01406,2026-08-04 01:43:51,Aadhaar,iOS,Gaming & Wallets,SUCCESS,,2230,32,0
TXN01407,2026-08-28 23:58:29,PAN,Android,Fintech Lending,FAILED,API Timeout,9418,39,1
TXN01408,2026-08-22 17:56:42,Aadhaar,Web,Neobank,SUCCESS,,2605,36,2
TXN01409,2026-08-14 21:48:59,PAN,Android,Fintech Lending,SUCCESS,,2226,31,0
TXN01410,2026-08-16 13:39:20,PAN,Web,Neobank,SUCCESS,,1787,26,0
TXN01411,2026-08-25 00:08:48,National ID (Intl),iOS,Neobank,FAILED,OCR Extraction Error,2692,50,1
TXN01412,2026-08-03 01:48:50,PAN,Android,Neobank,SUCCESS,,1445,41,1
TXN01413,2026-08-10 23:47:21,Aadhaar,iOS,Neobank,SUCCESS,,1404,57,0
TXN01414,2026-08-28 22:27:53,PAN,Android,Fintech Lending,SUCCESS,,1540,46,1
TXN01415,2026-08-27 14:59:28,PAN,Android,Crypto Exchange,FAILED,Face Match Failed,2554,49,2
TXN01416,2026-08-23 00:32:43,Driving License,Web,Neobank,SUCCESS,,3203,46,0
TXN01417,2026-08-25 00:57:11,Driving License,Android,Fintech Lending,SUCCESS,,1539,53,0
TXN01418,2026-08-02 03:23:09,Passport,Web,Neobank,SUCCESS,,1711,53,1
TXN01419,2026-08-21 11:34:10,Aadhaar,Android,Fintech Lending,FAILED,Face Match Failed,1718,43,1
TXN01420,2026-08-24 20:26:41,Passport,Android,Fintech Lending,FAILED,Name Mismatch,1772,65,2
TXN01421,2026-08-21 12:28:59,PAN,Android,Fintech Lending,SUCCESS,,2233,44,0
TXN01422,2026-08-05 05:09:45,Aadhaar,Android,Gaming & Wallets,SUCCESS,,2056,47,1
TXN01423,2026-08-17 09:04:45,Passport,Android,Gaming & Wallets,SUCCESS,,1196,55,0
TXN01424,2026-08-29 19:23:41,Passport,Android,Neobank,FAILED,OCR Extraction Error,3199,69,1
TXN01425,2026-08-13 07:00:15,Aadhaar,iOS,Fintech Lending,SUCCESS,,2524,58,0
TXN01426,2026-08-21 17:10:42,Voter ID,Android,Crypto Exchange,SUCCESS,,1405,1,0
TXN01427,2026-08-19 06:54:36,Driving License,iOS,Neobank,SUCCESS,,1497,44,0
TXN01428,2026-08-05 22:18:00,PAN,iOS,Fintech Lending,SUCCESS,,2131,32,0
TXN01429,2026-08-27 09:12:19,Driving License,Android,Crypto Exchange,SUCCESS,,1954,36,1
TXN01430,2026-08-24 00:58:43,Aadhaar,Android,Crypto Exchange,SUCCESS,,1245,43,0
TXN01431,2026-08-24 04:46:12,Passport,Android,Crypto Exchange,SUCCESS,,2474,27,0
TXN01432,2026-08-07 11:12:23,Aadhaar,Android,Crypto Exchange,SUCCESS,,1799,33,1
TXN01433,2026-08-15 17:25:17,Aadhaar,iOS,Fintech Lending,SUCCESS,,1399,31,0
TXN01434,2026-08-08 02:13:59,Aadhaar,iOS,Fintech Lending,SUCCESS,,2569,49,0
TXN01435,2026-08-12 23:51:17,PAN,Web,Neobank,SUCCESS,,1739,15,1
TXN01436,2026-08-16 13:23:42,PAN,iOS,Fintech Lending,SUCCESS,,3055,39,1
TXN01437,2026-08-30 20:24:19,Aadhaar,Web,Gaming & Wallets,FAILED,Liveness Failed,1289,86,1
TXN01438,2026-08-22 00:10:49,Passport,Android,Fintech Lending,SUCCESS,,1784,46,1
TXN01439,2026-08-14 11:10:55,Aadhaar,iOS,Crypto Exchange,SUCCESS,,1789,59,0
TXN01440,2026-08-23 19:29:13,Voter ID,iOS,Crypto Exchange,SUCCESS,,1175,45,0
TXN01441,2026-08-23 18:48:24,Passport,iOS,Neobank,SUCCESS,,2103,5,0
TXN01442,2026-08-29 20:33:56,Aadhaar,Android,Crypto Exchange,SUCCESS,,3510,23,2
TXN01443,2026-08-14 12:30:06,Aadhaar,Android,Gaming & Wallets,SUCCESS,,1747,50,0
TXN01444,2026-08-10 05:19:35,Driving License,Web,Crypto Exchange,SUCCESS,,1665,21,0
TXN01445,2026-08-15 03:34:36,PAN,Android,Fintech Lending,SUCCESS,,861,54,0
TXN01446,2026-08-12 22:11:02,Voter ID,Web,Crypto Exchange,SUCCESS,,1925,17,0
TXN01447,2026-08-01 03:48:23,Aadhaar,Web,Gaming & Wallets,SUCCESS,,2569,32,0
TXN01448,2026-08-25 19:29:45,National ID (Intl),iOS,Crypto Exchange,SUCCESS,,3566,25,0
TXN01449,2026-08-02 23:48:31,Aadhaar,Android,Fintech Lending,FAILED,Glare/Reflection,2079,17,3
TXN01450,2026-08-01 11:28:59,Driving License,Android,Fintech Lending,SUCCESS,,1684,15,0
TXN01451,2026-08-12 11:22:55,Passport,Android,Crypto Exchange,SUCCESS,,2094,15,0
TXN01452,2026-08-08 18:52:28,National ID (Intl),Android,Fintech Lending,SUCCESS,,2442,7,0
TXN01453,2026-08-09 10:11:32,PAN,Android,Neobank,FAILED,Blurry Image,1510,54,1
TXN01454,2026-08-22 13:27:09,Aadhaar,Web,Gaming & Wallets,SUCCESS,,2523,40,1
TXN01455,2026-08-24 20:39:43,Aadhaar,iOS,Neobank,SUCCESS,,2814,2,0
TXN01456,2026-08-19 02:31:52,Passport,Web,Neobank,SUCCESS,,2280,26,0
TXN01457,2026-08-15 02:39:55,PAN,Android,Neobank,SUCCESS,,1105,2,0
TXN01458,2026-08-22 22:54:16,Passport,iOS,Fintech Lending,SUCCESS,,1833,28,1
TXN01459,2026-08-17 21:43:02,Voter ID,Android,Crypto Exchange,SUCCESS,,1967,55,0
TXN01460,2026-08-02 18:17:05,PAN,Android,Neobank,FAILED,Glare/Reflection,2373,25,1
TXN01461,2026-08-26 11:57:54,Driving License,Android,Fintech Lending,FAILED,Document Expired,830,40,2
TXN01462,2026-08-26 06:26:08,Aadhaar,Android,Neobank,SUCCESS,,3600,37,0
TXN01463,2026-08-14 23:49:38,Driving License,Web,Neobank,SUCCESS,,876,13,0
TXN01464,2026-08-09 16:14:10,Aadhaar,iOS,Crypto Exchange,SUCCESS,,2907,24,1
TXN01465,2026-08-01 10:11:25,Aadhaar,Web,Neobank,SUCCESS,,1524,53,0
TXN01466,2026-08-09 02:34:14,PAN,Android,Neobank,SUCCESS,,1574,56,0
TXN01467,2026-08-12 22:21:53,PAN,iOS,Gaming & Wallets,SUCCESS,,3103,11,0
TXN01468,2026-08-07 14:20:23,Driving License,Android,Gaming & Wallets,SUCCESS,,1777,44,1
TXN01469,2026-08-26 05:26:35,Passport,iOS,Gaming & Wallets,SUCCESS,,2502,48,0
TXN01470,2026-08-25 10:12:54,Aadhaar,Web,Neobank,SUCCESS,,2520,58,0
TXN01471,2026-08-24 15:39:15,PAN,Android,Crypto Exchange,SUCCESS,,1194,41,1
TXN01472,2026-08-15 15:49:22,PAN,iOS,Neobank,SUCCESS,,2763,26,0
TXN01473,2026-08-07 07:56:36,PAN,Web,Gaming & Wallets,SUCCESS,,1755,30,2
TXN01474,2026-08-30 00:59:45,Voter ID,Web,Fintech Lending,SUCCESS,,3071,3,2
TXN01475,2026-08-17 02:10:12,Voter ID,Android,Crypto Exchange,SUCCESS,,2376,2,0
TXN01476,2026-08-20 14:00:32,Passport,Android,Gaming & Wallets,SUCCESS,,2216,21,0
TXN01477,2026-08-22 06:46:13,Aadhaar,Android,Fintech Lending,SUCCESS,,1840,43,1
TXN01478,2026-08-08 10:38:32,Driving License,iOS,Fintech Lending,FAILED,Name Mismatch,2373,86,1
TXN01479,2026-08-30 22:42:38,Aadhaar,Web,Fintech Lending,SUCCESS,,1870,20,0
TXN01480,2026-08-21 06:31:35,Aadhaar,Android,Neobank,SUCCESS,,2985,37,0
TXN01481,2026-08-08 22:21:53,Voter ID,Android,Fintech Lending,FAILED,Name Mismatch,1976,64,3
TXN01482,2026-08-04 21:10:16,Aadhaar,iOS,Fintech Lending,SUCCESS,,2656,47,3
TXN01483,2026-08-29 00:18:15,Voter ID,Web,Crypto Exchange,SUCCESS,,1475,34,0
TXN01484,2026-08-29 19:53:08,Driving License,iOS,Crypto Exchange,SUCCESS,,874,28,0
TXN01485,2026-08-20 15:31:12,PAN,Android,Gaming & Wallets,SUCCESS,,2637,17,0
TXN01486,2026-08-13 01:48:02,Aadhaar,Android,Neobank,SUCCESS,,2079,48,0
TXN01487,2026-08-08 21:15:45,Passport,Android,Neobank,SUCCESS,,1276,28,0
TXN01488,2026-08-06 17:44:37,PAN,Android,Crypto Exchange,SUCCESS,,3058,14,0
TXN01489,2026-08-17 07:35:52,Voter ID,Android,Neobank,SUCCESS,,1691,6,0
TXN01490,2026-08-27 05:34:37,Aadhaar,iOS,Neobank,SUCCESS,,3577,10,4
TXN01491,2026-08-15 03:31:56,Aadhaar,Android,Neobank,FAILED,Glare/Reflection,3802,50,1
TXN01492,2026-08-17 00:38:34,Aadhaar,Android,Crypto Exchange,SUCCESS,,1982,19,0
TXN01493,2026-08-07 17:29:57,Passport,Web,Crypto Exchange,SUCCESS,,2177,42,1
TXN01494,2026-08-14 18:31:51,PAN,Android,Neobank,SUCCESS,,3756,45,0
TXN01495,2026-08-15 06:07:51,PAN,Web,Crypto Exchange,SUCCESS,,2764,60,0
TXN01496,2026-08-11 05:18:19,National ID (Intl),Android,Crypto Exchange,SUCCESS,,2490,6,0
TXN01497,2026-08-07 02:55:42,Voter ID,Android,Gaming & Wallets,SUCCESS,,2612,46,0
TXN01498,2026-08-11 04:24:07,PAN,Web,Crypto Exchange,FAILED,Liveness Failed,1747,49,1
TXN01499,2026-08-19 21:52:09,Aadhaar,Web,Crypto Exchange,SUCCESS,,1989,26,1
TXN01500,2026-08-21 12:04:17,Voter ID,Android,Crypto Exchange,FAILED,Unsupported Document Format,1526,16,1
